Workbook

Sheet Parametri
A1: Diffusore lineare – lanci e velocità da CFD (L = 500 / 1000 / 1500 mm)
A2: Getto verticale verso il basso, isotermia, fessura 40 mm
A3: Parametro | B3: Valore | C3: Unità | D3: Note
A4: Larghezza fessura h | B4: 0.04 | C4: m | D4: Input
A5: Altezza di installazione H | B5: 10 | C5: m | D5: Distanza diffusore-pavimento del modello CFD
A6: Spessore zona di influenza del pavimento | B6: 1.5 | C6: m | D6: Stima 1,5-2 m
A7: x massimo valido (getto libero) | B7: =B5-B6 -> 8.5 | C7: m | D7: H − spessore zona di influenza: oltre i dati CFD sono influenzati dal pavimento
A8: Quota zona occupata (dal pavimento) | B8: 1.8 | C8: m | D8: Input
A9: Distanza diffusore-zona occupata | B9: =B5-B8 -> 8.2 | C9: m | D9: H − quota zona occupata
A10: Velocità terminale vₜ | B10: 0.25 | C10: m/s | D10: Velocità a cui si calcola il lancio
A11: x minimo per cercare l'attraversamento | B11: 0.3 | C11: m | D11: Ignora nocciolo e primo calo vicino al diffusore
A12: x di riferimento 1 per k | B12: 5 | C12: m | D12: k = vₓ·x/Q letto a questa distanza
A13: x di riferimento 2 per k | B13: 7.6 | C13: m | D13: idem
A15: Parametri per lunghezza
A16: Lunghezza L [mm] | B16: L [m] | C16: Area geometrica [m²] | D16: Soglia vₜ/v₀ | E16: x min fit k [m] | F16: Note
A17: 500 | B17: =A17/1000 -> 0.5 | C17: =B17*$B$4 -> 0.02 | D17: 0.125 | E17: 4 | F17: Tratto 1/x sviluppato (≈4-8,5 m)
A18: 1000 | B18: =A18/1000 -> 1 | C18: =B18*$B$4 -> 0.04 | D18: 0.15 | E18: 4.9 | F18: Tratto 1/x sviluppato (≈5-8,5 m)
A19: 1500 | B19: =A19/1000 -> 1.5 | C19: =B19*$B$4 -> 0.06 | D19: 0.155 | E19: 7 | F19: Tratto 1/x NON sviluppato: k è apparente (x 7-8,5 m)
A22: Come si usa
A23: 1. Fogli CFD_L500 / CFD_L1000 / CFD_L1500: per ogni portata (fino a 5 blocchi) scrivi Q e incolla x [m] e velocità [m/s] nelle colonne blu (x=0 all'uscita, fino a 100 righe). I dati forniti sono già inseriti.
A24: 2. Riepilogo: area efficace, k, lancio a vₜ da CFD e velocità in zona occupata per ogni lunghezza e portata, con esito di validità.
A25: 3. Curve: curva normalizzata vₓ/v₀(x) per ogni lunghezza (mediata sulle portate) su griglia x = 0,5…9,5 m.
A26: 4. Catalogo: scegli lunghezza, portata e distanza; ottieni velocità, lancio a vₜ e la tabella vₓ(x) per le portate volute, usando la curva normalizzata CFD (non la legge k·Q/x).
A27: 5. Celle blu su fondo giallo = input; nere = formule; verdi = collegamenti ad altri fogli.
A28: 6. Catalogo_L_libera: come Catalogo ma per una L qualsiasi (curva e area efficace interpolate tra 500/1000/1500). Lancio_vs_L: tabella del lancio per un elenco di lunghezze alla Q scelta.
A29: 7. Catalogo_L_h / Lancio_vs_L_h: come sopra ma anche con larghezza fessura h diversa da 40 mm (es. 20, 30, 60), per similarità del getto piano. Stima non validata da CFD.
A30: 8. Lancio ORIZZONTALE (parete a 6 m): H_Parametri, H_CFD_L500/L1000/L1500 (dati da incollare), H_Curve, H_Catalogo (L e Q qualsiasi) e H_Lancio_vs_L. Interpola sui dati CFD in Q e in L.

Sheet Catalogo
A1: Catalogo: velocità e lancio da curva normalizzata CFD
A2: vₓ(x) = f_L(x)·v₀, v₀ = Q/(3600·A_eff) – nessuna legge k·Q/x: valido anche dove il getto non è sviluppato
A4: Lunghezza diffusore [mm] | B4: 500
A5: Portata Q [m³/h] | B5: 150
A6: Velocità terminale vₜ [m/s] | B6: =Parametri!B10 -> 0.25
A7: Indice lunghezza | B7: =MATCH(B4,Parametri!A17:A19,0) -> 1
A8: Area efficace [m²] | B8: =INDEX(Riepilogo!B5:B7,B7) -> 0.010136623
A9: Soglia vₜ/v₀ | B9: =INDEX(Riepilogo!F5:F7,B7) -> 0.125
A10: Campo Q simulato [m³/h] | B10: =INDEX(Riepilogo!H5:H7,B7)&" – "&INDEX(Riepilogo!I5:I7,B7) -> 80 – 250
A11: Distanza zona occupata [m] | B11: 8.22
A13: Risultato per Q = B5
A14: v₀ efficace [m/s] | B14: =B21 -> 4.1105076
A15: Lancio L a vₜ [m] | B15: =D21 -> 8.2270888
A16: vₓ in zona occupata [m/s] | B16: =E21 -> 0.25031676
A17: Esito | B17: =F21 -> OK
A19: Q [m³/h] | B19: v₀ eff. [m/s] | C19: vₜ/v₀ | D19: L a vₜ [m] | E19: vₓ zona occ. [m/s] | F19: Esito | G19: 0.5 | H19: 1 | I19: 1.5 | J19: 2 | K19: 2.5 | L19: 3 | M19: 3.5 | N19: 4 | O19: 4.5 | P19: 5 | Q19: 5.5 | R19: 6 | S19: 6.5 | T19: 7 | U19: 7.5 | V19: 8 | W19: 8.5 | X19: 9 | Y19: 9.5 | Z19: j* | AA19: x₁ | AB19: x₂ | AC19: v₁ | AD19: v₂ | AE19: idx occ
A20: f(x) curva L scelta → | G20: =INDEX(Curve!$G$1:$G$100,4+($B$7-1)*24+1+G$19*2) -> 0.22774569 | H20: =INDEX(Curve!$G$1:$G$100,4+($B$7-1)*24+1+H$19*2) -> 0.21285162 | I20: =INDEX(Curve!$G$1:$G$100,4+($B$7-1)*24+1+I$19*2) -> 0.19245601 | J20: =INDEX(Curve!$G$1:$G$100,4+($B$7-1)*24+1+J$19*2) -> 0.17728609 | K20: =INDEX(Curve!$G$1:$G$100,4+($B$7-1)*24+1+K$19*2) -> 0.16422859 | L20: =INDEX(Curve!$G$1:$G$100,4+($B$7-1)*24+1+L$19*2) -> 0.14863648 | M20: =INDEX(Curve!$G$1:$G$100,4+($B$7-1)*24+1+M$19*2) -> 0.13425179 | N20: =INDEX(Curve!$G$1:$G$100,4+($B$7-1)*24+1+N$19*2) -> 0.12272626 | ... Y20: =INDEX(Curve!$G$1:$G$100,4+($B$7-1)*24+1+Y$19*2) -> 0.033130897
A21: =B5 -> 150 | B21: =IF(OR(A21="",NOT(ISNUMBER($B$8))),"",A21/3600/$B$8) -> 4.1105076 | C21: =IF(B21="","",$B$6/B21) -> 0.06081974 | D21: =IF(B21="","",IF(AA21="",IF(ISNUMBER(G21),IF(G21<$B$6,"< 0,5","n.d."),"n.d."),EXP(LN(AA21)+(LN($B$6)-LN(AC21))*(LN(AB21)-LN(AA21))/(LN(AD21)-LN(AC21))))) -> 8.2270888 | E21: =IF(OR(B21="",AE21=""),"",IFERROR(EXP(LN(INDEX(G21:Y21,AE21))+(LN($B$11)-LN(INDEX(G$19:Y$19,AE21)))*(LN(INDEX(G21:Y21,AE21+1))-LN(INDEX(G21:Y21,AE21)))/(LN(INDEX(G$19:Y$19,AE21+1))-LN(INDEX(G$19:Y$19,AE21)))),"")) -> 0.25031676 | F21: =IF(B21="","",IF(OR(A21<VALUE(LEFT($B$10,FIND(" ",$B$10)-1))*0.99,A21>VALUE(MID($B$10,FIND("–",$B$10)+2,10))*1.01),"Q fuori dal campo simulato (estrapolazione)",IF(NOT(ISNUMBER(D21)),"vₜ non raggiunta / < 0,5 m",IF(C21>$B$9,"vₜ nel plateau/transizione: L poco significativo",IF(D21>Parametri!$B$7,"Oltre x max: troncato dal pavimento","OK"))))) -> OK | G21: =IF(OR($B21="",NOT(ISNUMBER(G$20))),"",G$20*$B21) -> 0.93615039 | H21: =IF(OR($B21="",NOT(ISNUMBER(H$20))),"",H$20*$B21) -> 0.8749282 | I21: =IF(OR($B21="",NOT(ISNUMBER(I$20))),"",I$20*$B21) -> 0.7910919 | J21: =IF(OR($B21="",NOT(ISNUMBER(J$20))),"",J$20*$B21) -> 0.72873582 | K21: =IF(OR($B21="",NOT(ISNUMBER(K$20))),"",K$20*$B21) -> 0.67506288 | L21: =IF(OR($B21="",NOT(ISNUMBER(L$20))),"",L$20*$B21) -> 0.6109714 | M21: =IF(OR($B21="",NOT(ISNUMBER(M$20))),"",M$20*$B21) -> 0.55184299 | N21: =IF(OR($B21="",NOT(ISNUMBER(N$20))),"",N$20*$B21) -> 0.50446721 | ... Y21: =IF(OR($B21="",NOT(ISNUMBER(Y$20))),"",Y$20*$B21) -> 0.13618481 | Z21: {=IF(B21="","",SUMPRODUCT(MAX(ISNUMBER(G21:X21)*ISNUMBER(H21:Y21)*(G21:X21>=$B$6)*(H21:Y21<$B$6)*(COLUMN(G21:X21)-COLUMN(G21)+1))))} -> 16 | AA21: =IF(OR(Z21="",Z21=0),"",INDEX(G$19:Y$19,Z21)) -> 8 | AB21: =IF(AA21="","",INDEX(G$19:Y$19,Z21+1)) -> 8.5 | AC21: =IF(AA21="","",INDEX(G21:Y21,Z21)) -> 0.26049333 | AD21: =IF(AA21="","",INDEX(G21:Y21,Z21+1)) -> 0.23829847 | AE21: =IF(B21="","",IFERROR(MATCH($B$11,$G$19:$Y$19,1),"")) -> 16
A22: 60 | B22: =IF(OR(A22="",NOT(ISNUMBER($B$8))),"",A22/3600/$B$8) -> 1.644203 | C22: =IF(B22="","",$B$6/B22) -> 0.15204935 | D22: =IF(B22="","",IF(AA22="",IF(ISNUMBER(G22),IF(G22<$B$6,"< 0,5","n.d."),"n.d."),EXP(LN(AA22)+(LN($B$6)-LN(AC22))*(LN(AB22)-LN(AA22))/(LN(AD22)-LN(AC22))))) -> 2.8780736 | E22: =IF(OR(B22="",AE22=""),"",IFERROR(EXP(LN(INDEX(G22:Y22,AE22))+(LN($B$11)-LN(INDEX(G$19:Y$19,AE22)))*(LN(INDEX(G22:Y22,AE22+1))-LN(INDEX(G22:Y22,AE22)))/(LN(INDEX(G$19:Y$19,AE22+1))-LN(INDEX(G$19:Y$19,AE22)))),"")) -> 0.1001267 | F22: =IF(B22="","",IF(OR(A22<VALUE(LEFT($B$10,FIND(" ",$B$10)-1))*0.99,A22>VALUE(MID($B$10,FIND("–",$B$10)+2,10))*1.01),"Q fuori dal campo simulato (estrapolazione)",IF(NOT(ISNUMBER(D22)),"vₜ non raggiunta / < 0,5 m",IF(C22>$B$9,"vₜ nel plateau/transizione: L poco significativo",IF(D22>Parametri!$B$7,"Oltre x max: troncato dal pavimento","OK"))))) -> Q fuori dal campo simulato (estrapolazione) | G22: =IF(OR($B22="",NOT(ISNUMBER(G$20))),"",G$20*$B22) -> 0.37446016 | H22: =IF(OR($B22="",NOT(ISNUMBER(H$20))),"",H$20*$B22) -> 0.34997128 | I22: =IF(OR($B22="",NOT(ISNUMBER(I$20))),"",I$20*$B22) -> 0.31643676 | J22: =IF(OR($B22="",NOT(ISNUMBER(J$20))),"",J$20*$B22) -> 0.29149433 | K22: =IF(OR($B22="",NOT(ISNUMBER(K$20))),"",K$20*$B22) -> 0.27002515 | L22: =IF(OR($B22="",NOT(ISNUMBER(L$20))),"",L$20*$B22) -> 0.24438856 | M22: =IF(OR($B22="",NOT(ISNUMBER(M$20))),"",M$20*$B22) -> 0.2207372 | N22: =IF(OR($B22="",NOT(ISNUMBER(N$20))),"",N$20*$B22) -> 0.20178689 | ... Y22: =IF(OR($B22="",NOT(ISNUMBER(Y$20))),"",Y$20*$B22) -> 0.054473922 | Z22: {=IF(B22="","",SUMPRODUCT(MAX(ISNUMBER(G22:X22)*ISNUMBER(H22:Y22)*(G22:X22>=$B$6)*(H22:Y22<$B$6)*(COLUMN(G22:X22)-COLUMN(G22)+1))))} -> 5 | AA22: =IF(OR(Z22="",Z22=0),"",INDEX(G$19:Y$19,Z22)) -> 2.5 | AB22: =IF(AA22="","",INDEX(G$19:Y$19,Z22+1)) -> 3 | AC22: =IF(AA22="","",INDEX(G22:Y22,Z22)) -> 0.27002515 | AD22: =IF(AA22="","",INDEX(G22:Y22,Z22+1)) -> 0.24438856 | AE22: =IF(B22="","",IFERROR(MATCH($B$11,$G$19:$Y$19,1),"")) -> 16
A23: 80 | B23: =IF(OR(A23="",NOT(ISNUMBER($B$8))),"",A23/3600/$B$8) -> 2.1922707 | C23: =IF(B23="","",$B$6/B23) -> 0.11403701 | D23: =IF(B23="","",IF(AA23="",IF(ISNUMBER(G23),IF(G23<$B$6,"< 0,5","n.d."),"n.d."),EXP(LN(AA23)+(LN($B$6)-LN(AC23))*(LN(AB23)-LN(AA23))/(LN(AD23)-LN(AC23))))) -> 4.3462678 | E23: =IF(OR(B23="",AE23=""),"",IFERROR(EXP(LN(INDEX(G23:Y23,AE23))+(LN($B$11)-LN(INDEX(G$19:Y$19,AE23)))*(LN(INDEX(G23:Y23,AE23+1))-LN(INDEX(G23:Y23,AE23)))/(LN(INDEX(G$19:Y$19,AE23+1))-LN(INDEX(G$19:Y$19,AE23)))),"")) -> 0.13350227 | F23: =IF(B23="","",IF(OR(A23<VALUE(LEFT($B$10,FIND(" ",$B$10)-1))*0.99,A23>VALUE(MID($B$10,FIND("–",$B$10)+2,10))*1.01),"Q fuori dal campo simulato (estrapolazione)",IF(NOT(ISNUMBER(D23)),"vₜ non raggiunta / < 0,5 m",IF(C23>$B$9,"vₜ nel plateau/transizione: L poco significativo",IF(D23>Parametri!$B$7,"Oltre x max: troncato dal pavimento","OK"))))) -> OK | G23: =IF(OR($B23="",NOT(ISNUMBER(G$20))),"",G$20*$B23) -> 0.49928021 | H23: =IF(OR($B23="",NOT(ISNUMBER(H$20))),"",H$20*$B23) -> 0.46662837 | I23: =IF(OR($B23="",NOT(ISNUMBER(I$20))),"",I$20*$B23) -> 0.42191568 | J23: =IF(OR($B23="",NOT(ISNUMBER(J$20))),"",J$20*$B23) -> 0.38865911 | K23: =IF(OR($B23="",NOT(ISNUMBER(K$20))),"",K$20*$B23) -> 0.36003354 | L23: =IF(OR($B23="",NOT(ISNUMBER(L$20))),"",L$20*$B23) -> 0.32585141 | M23: =IF(OR($B23="",NOT(ISNUMBER(M$20))),"",M$20*$B23) -> 0.29431626 | N23: =IF(OR($B23="",NOT(ISNUMBER(N$20))),"",N$20*$B23) -> 0.26904918 | ... Y23: =IF(OR($B23="",NOT(ISNUMBER(Y$20))),"",Y$20*$B23) -> 0.072631896 | Z23: {=IF(B23="","",SUMPRODUCT(MAX(ISNUMBER(G23:X23)*ISNUMBER(H23:Y23)*(G23:X23>=$B$6)*(H23:Y23<$B$6)*(COLUMN(G23:X23)-COLUMN(G23)+1))))} -> 8 | AA23: =IF(OR(Z23="",Z23=0),"",INDEX(G$19:Y$19,Z23)) -> 4 | AB23: =IF(AA23="","",INDEX(G$19:Y$19,Z23+1)) -> 4.5 | AC23: =IF(AA23="","",INDEX(G23:Y23,Z23)) -> 0.26904918 | AD23: =IF(AA23="","",INDEX(G23:Y23,Z23+1)) -> 0.24243074 | AE23: =IF(B23="","",IFERROR(MATCH($B$11,$G$19:$Y$19,1),"")) -> 16
A24: 100 | B24: =IF(OR(A24="",NOT(ISNUMBER($B$8))),"",A24/3600/$B$8) -> 2.7403384 | C24: =IF(B24="","",$B$6/B24) -> 0.091229609 | D24: =IF(B24="","",IF(AA24="",IF(ISNUMBER(G24),IF(G24<$B$6,"< 0,5","n.d."),"n.d."),EXP(LN(AA24)+(LN($B$6)-LN(AC24))*(LN(AB24)-LN(AA24))/(LN(AD24)-LN(AC24))))) -> 5.5318563 | E24: =IF(OR(B24="",AE24=""),"",IFERROR(EXP(LN(INDEX(G24:Y24,AE24))+(LN($B$11)-LN(INDEX(G$19:Y$19,AE24)))*(LN(INDEX(G24:Y24,AE24+1))-LN(INDEX(G24:Y24,AE24)))/(LN(INDEX(G$19:Y$19,AE24+1))-LN(INDEX(G$19:Y$19,AE24)))),"")) -> 0.16687784 | F24: =IF(B24="","",IF(OR(A24<VALUE(LEFT($B$10,FIND(" ",$B$10)-1))*0.99,A24>VALUE(MID($B$10,FIND("–",$B$10)+2,10))*1.01),"Q fuori dal campo simulato (estrapolazione)",IF(NOT(ISNUMBER(D24)),"vₜ non raggiunta / < 0,5 m",IF(C24>$B$9,"vₜ nel plateau/transizione: L poco significativo",IF(D24>Parametri!$B$7,"Oltre x max: troncato dal pavimento","OK"))))) -> OK | G24: =IF(OR($B24="",NOT(ISNUMBER(G$20))),"",G$20*$B24) -> 0.62410026 | H24: =IF(OR($B24="",NOT(ISNUMBER(H$20))),"",H$20*$B24) -> 0.58328546 | I24: =IF(OR($B24="",NOT(ISNUMBER(I$20))),"",I$20*$B24) -> 0.5273946 | J24: =IF(OR($B24="",NOT(ISNUMBER(J$20))),"",J$20*$B24) -> 0.48582388 | K24: =IF(OR($B24="",NOT(ISNUMBER(K$20))),"",K$20*$B24) -> 0.45004192 | L24: =IF(OR($B24="",NOT(ISNUMBER(L$20))),"",L$20*$B24) -> 0.40731426 | M24: =IF(OR($B24="",NOT(ISNUMBER(M$20))),"",M$20*$B24) -> 0.36789533 | N24: =IF(OR($B24="",NOT(ISNUMBER(N$20))),"",N$20*$B24) -> 0.33631148 | ... Y24: =IF(OR($B24="",NOT(ISNUMBER(Y$20))),"",Y$20*$B24) -> 0.09078987 | Z24: {=IF(B24="","",SUMPRODUCT(MAX(ISNUMBER(G24:X24)*ISNUMBER(H24:Y24)*(G24:X24>=$B$6)*(H24:Y24<$B$6)*(COLUMN(G24:X24)-COLUMN(G24)+1))))} -> 11 | AA24: =IF(OR(Z24="",Z24=0),"",INDEX(G$19:Y$19,Z24)) -> 5.5 | AB24: =IF(AA24="","",INDEX(G$19:Y$19,Z24+1)) -> 6 | AC24: =IF(AA24="","",INDEX(G24:Y24,Z24)) -> 0.2513947 | AD24: =IF(AA24="","",INDEX(G24:Y24,Z24+1)) -> 0.23118255 | AE24: =IF(B24="","",IFERROR(MATCH($B$11,$G$19:$Y$19,1),"")) -> 16
A25: 120 | B25: =IF(OR(A25="",NOT(ISNUMBER($B$8))),"",A25/3600/$B$8) -> 3.2884061 | C25: =IF(B25="","",$B$6/B25) -> 0.076024674 | D25: =IF(B25="","",IF(AA25="",IF(ISNUMBER(G25),IF(G25<$B$6,"< 0,5","n.d."),"n.d."),EXP(LN(AA25)+(LN($B$6)-LN(AC25))*(LN(AB25)-LN(AA25))/(LN(AD25)-LN(AC25))))) -> 6.6843254 | E25: =IF(OR(B25="",AE25=""),"",IFERROR(EXP(LN(INDEX(G25:Y25,AE25))+(LN($B$11)-LN(INDEX(G$19:Y$19,AE25)))*(LN(INDEX(G25:Y25,AE25+1))-LN(INDEX(G25:Y25,AE25)))/(LN(INDEX(G$19:Y$19,AE25+1))-LN(INDEX(G$19:Y$19,AE25)))),"")) -> 0.20025341 | F25: =IF(B25="","",IF(OR(A25<VALUE(LEFT($B$10,FIND(" ",$B$10)-1))*0.99,A25>VALUE(MID($B$10,FIND("–",$B$10)+2,10))*1.01),"Q fuori dal campo simulato (estrapolazione)",IF(NOT(ISNUMBER(D25)),"vₜ non raggiunta / < 0,5 m",IF(C25>$B$9,"vₜ nel plateau/transizione: L poco significativo",IF(D25>Parametri!$B$7,"Oltre x max: troncato dal pavimento","OK"))))) -> OK | G25: =IF(OR($B25="",NOT(ISNUMBER(G$20))),"",G$20*$B25) -> 0.74892031 | H25: =IF(OR($B25="",NOT(ISNUMBER(H$20))),"",H$20*$B25) -> 0.69994256 | I25: =IF(OR($B25="",NOT(ISNUMBER(I$20))),"",I$20*$B25) -> 0.63287352 | J25: =IF(OR($B25="",NOT(ISNUMBER(J$20))),"",J$20*$B25) -> 0.58298866 | K25: =IF(OR($B25="",NOT(ISNUMBER(K$20))),"",K$20*$B25) -> 0.5400503 | L25: =IF(OR($B25="",NOT(ISNUMBER(L$20))),"",L$20*$B25) -> 0.48877712 | M25: =IF(OR($B25="",NOT(ISNUMBER(M$20))),"",M$20*$B25) -> 0.44147439 | N25: =IF(OR($B25="",NOT(ISNUMBER(N$20))),"",N$20*$B25) -> 0.40357377 | ... Y25: =IF(OR($B25="",NOT(ISNUMBER(Y$20))),"",Y$20*$B25) -> 0.10894784 | Z25: {=IF(B25="","",SUMPRODUCT(MAX(ISNUMBER(G25:X25)*ISNUMBER(H25:Y25)*(G25:X25>=$B$6)*(H25:Y25<$B$6)*(COLUMN(G25:X25)-COLUMN(G25)+1))))} -> 13 | AA25: =IF(OR(Z25="",Z25=0),"",INDEX(G$19:Y$19,Z25)) -> 6.5 | AB25: =IF(AA25="","",INDEX(G$19:Y$19,Z25+1)) -> 7 | AC25: =IF(AA25="","",INDEX(G25:Y25,Z25)) -> 0.25682232 | AD25: =IF(AA25="","",INDEX(G25:Y25,Z25+1)) -> 0.23913578 | AE25: =IF(B25="","",IFERROR(MATCH($B$11,$G$19:$Y$19,1),"")) -> 16
A26: 150 | B26: =IF(OR(A26="",NOT(ISNUMBER($B$8))),"",A26/3600/$B$8) -> 4.1105076 | C26: =IF(B26="","",$B$6/B26) -> 0.06081974 | D26: =IF(B26="","",IF(AA26="",IF(ISNUMBER(G26),IF(G26<$B$6,"< 0,5","n.d."),"n.d."),EXP(LN(AA26)+(LN($B$6)-LN(AC26))*(LN(AB26)-LN(AA26))/(LN(AD26)-LN(AC26))))) -> 8.2270888 | E26: =IF(OR(B26="",AE26=""),"",IFERROR(EXP(LN(INDEX(G26:Y26,AE26))+(LN($B$11)-LN(INDEX(G$19:Y$19,AE26)))*(LN(INDEX(G26:Y26,AE26+1))-LN(INDEX(G26:Y26,AE26)))/(LN(INDEX(G$19:Y$19,AE26+1))-LN(INDEX(G$19:Y$19,AE26)))),"")) -> 0.25031676 | F26: =IF(B26="","",IF(OR(A26<VALUE(LEFT($B$10,FIND(" ",$B$10)-1))*0.99,A26>VALUE(MID($B$10,FIND("–",$B$10)+2,10))*1.01),"Q fuori dal campo simulato (estrapolazione)",IF(NOT(ISNUMBER(D26)),"vₜ non raggiunta / < 0,5 m",IF(C26>$B$9,"vₜ nel plateau/transizione: L poco significativo",IF(D26>Parametri!$B$7,"Oltre x max: troncato dal pavimento","OK"))))) -> OK | G26: =IF(OR($B26="",NOT(ISNUMBER(G$20))),"",G$20*$B26) -> 0.93615039 | H26: =IF(OR($B26="",NOT(ISNUMBER(H$20))),"",H$20*$B26) -> 0.8749282 | I26: =IF(OR($B26="",NOT(ISNUMBER(I$20))),"",I$20*$B26) -> 0.7910919 | J26: =IF(OR($B26="",NOT(ISNUMBER(J$20))),"",J$20*$B26) -> 0.72873582 | K26: =IF(OR($B26="",NOT(ISNUMBER(K$20))),"",K$20*$B26) -> 0.67506288 | L26: =IF(OR($B26="",NOT(ISNUMBER(L$20))),"",L$20*$B26) -> 0.6109714 | M26: =IF(OR($B26="",NOT(ISNUMBER(M$20))),"",M$20*$B26) -> 0.55184299 | N26: =IF(OR($B26="",NOT(ISNUMBER(N$20))),"",N$20*$B26) -> 0.50446721 | ... Y26: =IF(OR($B26="",NOT(ISNUMBER(Y$20))),"",Y$20*$B26) -> 0.13618481 | Z26: {=IF(B26="","",SUMPRODUCT(MAX(ISNUMBER(G26:X26)*ISNUMBER(H26:Y26)*(G26:X26>=$B$6)*(H26:Y26<$B$6)*(COLUMN(G26:X26)-COLUMN(G26)+1))))} -> 16 | AA26: =IF(OR(Z26="",Z26=0),"",INDEX(G$19:Y$19,Z26)) -> 8 | AB26: =IF(AA26="","",INDEX(G$19:Y$19,Z26+1)) -> 8.5 | AC26: =IF(AA26="","",INDEX(G26:Y26,Z26)) -> 0.26049333 | AD26: =IF(AA26="","",INDEX(G26:Y26,Z26+1)) -> 0.23829847 | AE26: =IF(B26="","",IFERROR(MATCH($B$11,$G$19:$Y$19,1),"")) -> 16
A27: 200 | B27: =IF(OR(A27="",NOT(ISNUMBER($B$8))),"",A27/3600/$B$8) -> 5.4806768 | C27: =IF(B27="","",$B$6/B27) -> 0.045614805 | D27: =IF(B27="","",IF(AA27="",IF(ISNUMBER(G27),IF(G27<$B$6,"< 0,5","n.d."),"n.d."),EXP(LN(AA27)+(LN($B$6)-LN(AC27))*(LN(AB27)-LN(AA27))/(LN(AD27)-LN(AC27))))) -> 9.1097888 | E27: =IF(OR(B27="",AE27=""),"",IFERROR(EXP(LN(INDEX(G27:Y27,AE27))+(LN($B$11)-LN(INDEX(G$19:Y$19,AE27)))*(LN(INDEX(G27:Y27,AE27+1))-LN(INDEX(G27:Y27,AE27)))/(LN(INDEX(G$19:Y$19,AE27+1))-LN(INDEX(G$19:Y$19,AE27)))),"")) -> 0.33375568 | F27: =IF(B27="","",IF(OR(A27<VALUE(LEFT($B$10,FIND(" ",$B$10)-1))*0.99,A27>VALUE(MID($B$10,FIND("–",$B$10)+2,10))*1.01),"Q fuori dal campo simulato (estrapolazione)",IF(NOT(ISNUMBER(D27)),"vₜ non raggiunta / < 0,5 m",IF(C27>$B$9,"vₜ nel plateau/transizione: L poco significativo",IF(D27>Parametri!$B$7,"Oltre x max: troncato dal pavimento","OK"))))) -> Oltre x max: troncato dal pavimento | G27: =IF(OR($B27="",NOT(ISNUMBER(G$20))),"",G$20*$B27) -> 1.2482005 | H27: =IF(OR($B27="",NOT(ISNUMBER(H$20))),"",H$20*$B27) -> 1.1665709 | I27: =IF(OR($B27="",NOT(ISNUMBER(I$20))),"",I$20*$B27) -> 1.0547892 | J27: =IF(OR($B27="",NOT(ISNUMBER(J$20))),"",J$20*$B27) -> 0.97164776 | K27: =IF(OR($B27="",NOT(ISNUMBER(K$20))),"",K$20*$B27) -> 0.90008384 | L27: =IF(OR($B27="",NOT(ISNUMBER(L$20))),"",L$20*$B27) -> 0.81462853 | M27: =IF(OR($B27="",NOT(ISNUMBER(M$20))),"",M$20*$B27) -> 0.73579065 | N27: =IF(OR($B27="",NOT(ISNUMBER(N$20))),"",N$20*$B27) -> 0.67262295 | ... Y27: =IF(OR($B27="",NOT(ISNUMBER(Y$20))),"",Y$20*$B27) -> 0.18157974 | Z27: {=IF(B27="","",SUMPRODUCT(MAX(ISNUMBER(G27:X27)*ISNUMBER(H27:Y27)*(G27:X27>=$B$6)*(H27:Y27<$B$6)*(COLUMN(G27:X27)-COLUMN(G27)+1))))} -> 18 | AA27: =IF(OR(Z27="",Z27=0),"",INDEX(G$19:Y$19,Z27)) -> 9 | AB27: =IF(AA27="","",INDEX(G$19:Y$19,Z27+1)) -> 9.5 | AC27: =IF(AA27="","",INDEX(G27:Y27,Z27)) -> 0.27421186 | AD27: =IF(AA27="","",INDEX(G27:Y27,Z27+1)) -> 0.18157974 | AE27: =IF(B27="","",IFERROR(MATCH($B$11,$G$19:$Y$19,1),"")) -> 16
A28: 250 | B28: =IF(OR(A28="",NOT(ISNUMBER($B$8))),"",A28/3600/$B$8) -> 6.850846 | C28: =IF(B28="","",$B$6/B28) -> 0.036491844 | D28: =IF(B28="","",IF(AA28="",IF(ISNUMBER(G28),IF(G28<$B$6,"< 0,5","n.d."),"n.d."),EXP(LN(AA28)+(LN($B$6)-LN(AC28))*(LN(AB28)-LN(AA28))/(LN(AD28)-LN(AC28))))) -> 9.3803611 | E28: =IF(OR(B28="",AE28=""),"",IFERROR(EXP(LN(INDEX(G28:Y28,AE28))+(LN($B$11)-LN(INDEX(G$19:Y$19,AE28)))*(LN(INDEX(G28:Y28,AE28+1))-LN(INDEX(G28:Y28,AE28)))/(LN(INDEX(G$19:Y$19,AE28+1))-LN(INDEX(G$19:Y$19,AE28)))),"")) -> 0.4171946 | F28: =IF(B28="","",IF(OR(A28<VALUE(LEFT($B$10,FIND(" ",$B$10)-1))*0.99,A28>VALUE(MID($B$10,FIND("–",$B$10)+2,10))*1.01),"Q fuori dal campo simulato (estrapolazione)",IF(NOT(ISNUMBER(D28)),"vₜ non raggiunta / < 0,5 m",IF(C28>$B$9,"vₜ nel plateau/transizione: L poco significativo",IF(D28>Parametri!$B$7,"Oltre x max: troncato dal pavimento","OK"))))) -> Oltre x max: troncato dal pavimento | G28: =IF(OR($B28="",NOT(ISNUMBER(G$20))),"",G$20*$B28) -> 1.5602506 | H28: =IF(OR($B28="",NOT(ISNUMBER(H$20))),"",H$20*$B28) -> 1.4582137 | I28: =IF(OR($B28="",NOT(ISNUMBER(I$20))),"",I$20*$B28) -> 1.3184865 | J28: =IF(OR($B28="",NOT(ISNUMBER(J$20))),"",J$20*$B28) -> 1.2145597 | K28: =IF(OR($B28="",NOT(ISNUMBER(K$20))),"",K$20*$B28) -> 1.1251048 | L28: =IF(OR($B28="",NOT(ISNUMBER(L$20))),"",L$20*$B28) -> 1.0182857 | M28: =IF(OR($B28="",NOT(ISNUMBER(M$20))),"",M$20*$B28) -> 0.91973831 | N28: =IF(OR($B28="",NOT(ISNUMBER(N$20))),"",N$20*$B28) -> 0.84077869 | ... Y28: =IF(OR($B28="",NOT(ISNUMBER(Y$20))),"",Y$20*$B28) -> 0.22697468 | Z28: {=IF(B28="","",SUMPRODUCT(MAX(ISNUMBER(G28:X28)*ISNUMBER(H28:Y28)*(G28:X28>=$B$6)*(H28:Y28<$B$6)*(COLUMN(G28:X28)-COLUMN(G28)+1))))} -> 18 | AA28: =IF(OR(Z28="",Z28=0),"",INDEX(G$19:Y$19,Z28)) -> 9 | AB28: =IF(AA28="","",INDEX(G$19:Y$19,Z28+1)) -> 9.5 | AC28: =IF(AA28="","",INDEX(G28:Y28,Z28)) -> 0.34276482 | AD28: =IF(AA28="","",INDEX(G28:Y28,Z28+1)) -> 0.22697468 | AE28: =IF(B28="","",IFERROR(MATCH($B$11,$G$19:$Y$19,1),"")) -> 16
A29: 300 | B29: =IF(OR(A29="",NOT(ISNUMBER($B$8))),"",A29/3600/$B$8) -> 8.2210151 | C29: =IF(B29="","",$B$6/B29) -> 0.03040987 | D29: =IF(B29="","",IF(AA29="",IF(ISNUMBER(G29),IF(G29<$B$6,"< 0,5","n.d."),"n.d."),EXP(LN(AA29)+(LN($B$6)-LN(AC29))*(LN(AB29)-LN(AA29))/(LN(AD29)-LN(AC29))))) -> n.d. | E29: =IF(OR(B29="",AE29=""),"",IFERROR(EXP(LN(INDEX(G29:Y29,AE29))+(LN($B$11)-LN(INDEX(G$19:Y$19,AE29)))*(LN(INDEX(G29:Y29,AE29+1))-LN(INDEX(G29:Y29,AE29)))/(LN(INDEX(G$19:Y$19,AE29+1))-LN(INDEX(G$19:Y$19,AE29)))),"")) -> 0.50063352 | F29: =IF(B29="","",IF(OR(A29<VALUE(LEFT($B$10,FIND(" ",$B$10)-1))*0.99,A29>VALUE(MID($B$10,FIND("–",$B$10)+2,10))*1.01),"Q fuori dal campo simulato (estrapolazione)",IF(NOT(ISNUMBER(D29)),"vₜ non raggiunta / < 0,5 m",IF(C29>$B$9,"vₜ nel plateau/transizione: L poco significativo",IF(D29>Parametri!$B$7,"Oltre x max: troncato dal pavimento","OK"))))) -> Q fuori dal campo simulato (estrapolazione) | G29: =IF(OR($B29="",NOT(ISNUMBER(G$20))),"",G$20*$B29) -> 1.8723008 | H29: =IF(OR($B29="",NOT(ISNUMBER(H$20))),"",H$20*$B29) -> 1.7498564 | I29: =IF(OR($B29="",NOT(ISNUMBER(I$20))),"",I$20*$B29) -> 1.5821838 | J29: =IF(OR($B29="",NOT(ISNUMBER(J$20))),"",J$20*$B29) -> 1.4574716 | K29: =IF(OR($B29="",NOT(ISNUMBER(K$20))),"",K$20*$B29) -> 1.3501258 | L29: =IF(OR($B29="",NOT(ISNUMBER(L$20))),"",L$20*$B29) -> 1.2219428 | M29: =IF(OR($B29="",NOT(ISNUMBER(M$20))),"",M$20*$B29) -> 1.103686 | N29: =IF(OR($B29="",NOT(ISNUMBER(N$20))),"",N$20*$B29) -> 1.0089344 | ... Y29: =IF(OR($B29="",NOT(ISNUMBER(Y$20))),"",Y$20*$B29) -> 0.27236961 | Z29: {=IF(B29="","",SUMPRODUCT(MAX(ISNUMBER(G29:X29)*ISNUMBER(H29:Y29)*(G29:X29>=$B$6)*(H29:Y29<$B$6)*(COLUMN(G29:X29)-COLUMN(G29)+1))))} -> 0 | AA29: =IF(OR(Z29="",Z29=0),"",INDEX(G$19:Y$19,Z29)) | AB29: =IF(AA29="","",INDEX(G$19:Y$19,Z29+1)) | AC29: =IF(AA29="","",INDEX(G29:Y29,Z29)) | AD29: =IF(AA29="","",INDEX(G29:Y29,Z29+1)) | AE29: =IF(B29="","",IFERROR(MATCH($B$11,$G$19:$Y$19,1),"")) -> 16
A31: Celle grigie in tabella = x oltre x max (influenza del pavimento). I valori di vₓ(x) sono letti dalla curva normalizzata della lunghezza scelta; la riga 21 usa Q della cella B5, le altre Q sono modificabili. | AA31: =ISNUMBER(V21) -> TRUE

Sheet Catalogo_L_libera
A1: Catalogo con lunghezza libera: velocità e lancio per qualsiasi L
A2: Curva vₓ/v₀(x), area efficace e soglia sono interpolate linearmente in L tra le due lunghezze CFD più vicine (500 / 1000 / 1500 mm). vₓ(x) = f_L(x)·v₀, v₀ = Q/(3600·A_eff)
A4: Lunghezza diffusore L [mm] | B4: 750
A5: Portata Q [m³/h] | B5: 150
A6: Velocità terminale vₜ [m/s] | B6: =Parametri!B10 -> 0.25
A7: Distanza zona occupata [m] | B7: =Catalogo!B11 -> 8.22
A9: Interpolazione sulla lunghezza
A10: Indice lunghezza inferiore | B10: =IFERROR(MIN(MATCH(B4,Parametri!$A$17:$A$19,1),2),1) -> 1
A11: Lunghezza CFD inferiore [mm] | B11: =INDEX(Parametri!$A$17:$A$19,B10) -> 500
A12: Lunghezza CFD superiore [mm] | B12: =INDEX(Parametri!$A$17:$A$19,B10+1) -> 1000
A13: Peso w (0 = inferiore, 1 = superiore) | B13: =(B4-B11)/(B12-B11) -> 0.5
A14: Area geometrica [m²] | B14: =B4/1000*Parametri!B4 -> 0.03
A15: Coeff. di contrazione interpolato | B15: =(1-B13)*INDEX(Riepilogo!$C$5:$C$7,B10)+B13*INDEX(Riepilogo!$C$5:$C$7,B10+1) -> 0.51921122
A16: Area efficace A_eff [m²] | B16: =B14*B15 -> 0.015576336
A17: Soglia vₜ/v₀ interpolata | B17: =(1-B13)*INDEX(Riepilogo!$F$5:$F$7,B10)+B13*INDEX(Riepilogo!$F$5:$F$7,B10+1) -> 0.1375
A18: Q minimo simulato [m³/h] | B18: =MAX(INDEX(Riepilogo!$H$5:$H$7,B10),INDEX(Riepilogo!$H$5:$H$7,B10+1)) -> 80
A19: Q massimo simulato [m³/h] | B19: =MIN(INDEX(Riepilogo!$I$5:$I$7,B10),INDEX(Riepilogo!$I$5:$I$7,B10+1)) -> 250
A20: Stato interpolazione | B20: =IF(OR(B4<MIN(Parametri!$A$17:$A$19),B4>MAX(Parametri!$A$17:$A$19)),"ESTRAPOLAZIONE: L fuori 500–1500 mm, non validato","Interpolazione tra L = "&B11&" e "&B12&" mm") -> Interpolazione tra L = 500 e 1000 mm
A22: Risultato per Q = B5
A23: v₀ efficace [m/s] | B23: =B30 -> 2.6749979
A24: Lancio L a vₜ [m] | B24: =D30 -> 6.7061637
A25: vₓ in zona occupata [m/s] | B25: =E30 -> 0.19933175
A26: Esito | B26: =F30 -> OK
A28: Q [m³/h] | B28: v₀ eff. [m/s] | C28: vₜ/v₀ | D28: L a vₜ [m] | E28: vₓ zona occ. [m/s] | F28: Esito | G28: 0.5 | H28: 1 | I28: 1.5 | J28: 2 | K28: 2.5 | L28: 3 | M28: 3.5 | N28: 4 | O28: 4.5 | P28: 5 | Q28: 5.5 | R28: 6 | S28: 6.5 | T28: 7 | U28: 7.5 | V28: 8 | W28: 8.5 | X28: 9 | Y28: 9.5 | Z28: j* | AA28: x₁ | AB28: x₂ | AC28: v₁ | AD28: v₂ | AE28: idx occ
A29: f(x) curva interpolata → | G29: =MAX(0.001,(1-$B$13)*INDEX(Curve!$G$1:$G$100,4+($B$10-1)*24+1+G$28*2)+$B$13*INDEX(Curve!$G$1:$G$100,4+$B$10*24+1+G$28*2)) -> 0.22367623 | H29: =MAX(0.001,(1-$B$13)*INDEX(Curve!$G$1:$G$100,4+($B$10-1)*24+1+H$28*2)+$B$13*INDEX(Curve!$G$1:$G$100,4+$B$10*24+1+H$28*2)) -> 0.21429958 | I29: =MAX(0.001,(1-$B$13)*INDEX(Curve!$G$1:$G$100,4+($B$10-1)*24+1+I$28*2)+$B$13*INDEX(Curve!$G$1:$G$100,4+$B$10*24+1+I$28*2)) -> 0.20437482 | J29: =MAX(0.001,(1-$B$13)*INDEX(Curve!$G$1:$G$100,4+($B$10-1)*24+1+J$28*2)+$B$13*INDEX(Curve!$G$1:$G$100,4+$B$10*24+1+J$28*2)) -> 0.19524183 | K29: =MAX(0.001,(1-$B$13)*INDEX(Curve!$G$1:$G$100,4+($B$10-1)*24+1+K$28*2)+$B$13*INDEX(Curve!$G$1:$G$100,4+$B$10*24+1+K$28*2)) -> 0.18528531 | L29: =MAX(0.001,(1-$B$13)*INDEX(Curve!$G$1:$G$100,4+($B$10-1)*24+1+L$28*2)+$B$13*INDEX(Curve!$G$1:$G$100,4+$B$10*24+1+L$28*2)) -> 0.17285666 | M29: =MAX(0.001,(1-$B$13)*INDEX(Curve!$G$1:$G$100,4+($B$10-1)*24+1+M$28*2)+$B$13*INDEX(Curve!$G$1:$G$100,4+$B$10*24+1+M$28*2)) -> 0.15890077 | N29: =MAX(0.001,(1-$B$13)*INDEX(Curve!$G$1:$G$100,4+($B$10-1)*24+1+N$28*2)+$B$13*INDEX(Curve!$G$1:$G$100,4+$B$10*24+1+N$28*2)) -> 0.14664571 | ... Y29: =MAX(0.001,(1-$B$13)*INDEX(Curve!$G$1:$G$100,4+($B$10-1)*24+1+Y$28*2)+$B$13*INDEX(Curve!$G$1:$G$100,4+$B$10*24+1+Y$28*2)) -> 0.039310978
A30: =B5 -> 150 | B30: =IF(OR(A30="",NOT(ISNUMBER($B$16))),"",A30/3600/$B$16) -> 2.6749979 | C30: =IF(B30="","",$B$6/B30) -> 0.093458019 | D30: =IF(B30="","",IF(AA30="",IF(ISNUMBER(G30),IF(G30<$B$6,"< 0,5","n.d."),"n.d."),EXP(LN(AA30)+(LN($B$6)-LN(AC30))*(LN(AB30)-LN(AA30))/(LN(AD30)-LN(AC30))))) -> 6.7061637 | E30: =IF(OR(B30="",AE30=""),"",IFERROR(EXP(LN(INDEX(G30:Y30,AE30))+(LN($B$7)-LN(INDEX(G$28:Y$28,AE30)))*(LN(INDEX(G30:Y30,AE30+1))-LN(INDEX(G30:Y30,AE30)))/(LN(INDEX(G$28:Y$28,AE30+1))-LN(INDEX(G$28:Y$28,AE30)))),"")) -> 0.19933175 | F30: =IF(B30="","",IF(OR($B$4<MIN(Parametri!$A$17:$A$19),$B$4>MAX(Parametri!$A$17:$A$19)),"L fuori 500–1500 mm: estrapolazione",IF(OR(A30<$B$18*0.99,A30>$B$19*1.01),"Q fuori dal campo simulato (estrapolazione)",IF(NOT(ISNUMBER(D30)),"vₜ non raggiunta / < 0,5 m",IF(C30>$B$17,"vₜ nel plateau/transizione: L poco significativo",IF(D30>Parametri!$B$7,"Oltre x max: troncato dal pavimento","OK")))))) -> OK | G30: =IF(OR($B30="",NOT(ISNUMBER(G$29))),"",G$29*$B30) -> 0.59833343 | H30: =IF(OR($B30="",NOT(ISNUMBER(H$29))),"",H$29*$B30) -> 0.57325092 | I30: =IF(OR($B30="",NOT(ISNUMBER(I$29))),"",I$29*$B30) -> 0.54670221 | J30: =IF(OR($B30="",NOT(ISNUMBER(J$29))),"",J$29*$B30) -> 0.52227147 | K30: =IF(OR($B30="",NOT(ISNUMBER(K$29))),"",K$29*$B30) -> 0.49563782 | L30: =IF(OR($B30="",NOT(ISNUMBER(L$29))),"",L$29*$B30) -> 0.46239121 | M30: =IF(OR($B30="",NOT(ISNUMBER(M$29))),"",M$29*$B30) -> 0.42505923 | N30: =IF(OR($B30="",NOT(ISNUMBER(N$29))),"",N$29*$B30) -> 0.39227696 | ... Y30: =IF(OR($B30="",NOT(ISNUMBER(Y$29))),"",Y$29*$B30) -> 0.10515678 | Z30: {=IF(B30="","",SUMPRODUCT(MAX(ISNUMBER(G30:X30)*ISNUMBER(H30:Y30)*(G30:X30>=$B$6)*(H30:Y30<$B$6)*(COLUMN(G30:X30)-COLUMN(G30)+1))))} -> 13 | AA30: =IF(OR(Z30="",Z30=0),"",INDEX(G$28:Y$28,Z30)) -> 6.5 | AB30: =IF(AA30="","",INDEX(G$28:Y$28,Z30+1)) -> 7 | AC30: =IF(AA30="","",INDEX(G30:Y30,Z30)) -> 0.25782445 | AD30: =IF(AA30="","",INDEX(G30:Y30,Z30+1)) -> 0.23963972 | AE30: =IF(B30="","",IFERROR(MATCH($B$7,$G$28:$Y$28,1),"")) -> 16
A31: 60 | B31: =IF(OR(A31="",NOT(ISNUMBER($B$16))),"",A31/3600/$B$16) -> 1.0699991 | C31: =IF(B31="","",$B$6/B31) -> 0.23364505 | D31: =IF(B31="","",IF(AA31="",IF(ISNUMBER(G31),IF(G31<$B$6,"< 0,5","n.d."),"n.d."),EXP(LN(AA31)+(LN($B$6)-LN(AC31))*(LN(AB31)-LN(AA31))/(LN(AD31)-LN(AC31))))) -> < 0,5 | E31: =IF(OR(B31="",AE31=""),"",IFERROR(EXP(LN(INDEX(G31:Y31,AE31))+(LN($B$7)-LN(INDEX(G$28:Y$28,AE31)))*(LN(INDEX(G31:Y31,AE31+1))-LN(INDEX(G31:Y31,AE31)))/(LN(INDEX(G$28:Y$28,AE31+1))-LN(INDEX(G$28:Y$28,AE31)))),"")) -> 0.079732699 | F31: =IF(B31="","",IF(OR($B$4<MIN(Parametri!$A$17:$A$19),$B$4>MAX(Parametri!$A$17:$A$19)),"L fuori 500–1500 mm: estrapolazione",IF(OR(A31<$B$18*0.99,A31>$B$19*1.01),"Q fuori dal campo simulato (estrapolazione)",IF(NOT(ISNUMBER(D31)),"vₜ non raggiunta / < 0,5 m",IF(C31>$B$17,"vₜ nel plateau/transizione: L poco significativo",IF(D31>Parametri!$B$7,"Oltre x max: troncato dal pavimento","OK")))))) -> Q fuori dal campo simulato (estrapolazione) | G31: =IF(OR($B31="",NOT(ISNUMBER(G$29))),"",G$29*$B31) -> 0.23933337 | H31: =IF(OR($B31="",NOT(ISNUMBER(H$29))),"",H$29*$B31) -> 0.22930037 | I31: =IF(OR($B31="",NOT(ISNUMBER(I$29))),"",I$29*$B31) -> 0.21868088 | J31: =IF(OR($B31="",NOT(ISNUMBER(J$29))),"",J$29*$B31) -> 0.20890859 | K31: =IF(OR($B31="",NOT(ISNUMBER(K$29))),"",K$29*$B31) -> 0.19825513 | L31: =IF(OR($B31="",NOT(ISNUMBER(L$29))),"",L$29*$B31) -> 0.18495648 | M31: =IF(OR($B31="",NOT(ISNUMBER(M$29))),"",M$29*$B31) -> 0.17002369 | N31: =IF(OR($B31="",NOT(ISNUMBER(N$29))),"",N$29*$B31) -> 0.15691078 | ... Y31: =IF(OR($B31="",NOT(ISNUMBER(Y$29))),"",Y$29*$B31) -> 0.042062713 | Z31: {=IF(B31="","",SUMPRODUCT(MAX(ISNUMBER(G31:X31)*ISNUMBER(H31:Y31)*(G31:X31>=$B$6)*(H31:Y31<$B$6)*(COLUMN(G31:X31)-COLUMN(G31)+1))))} -> 0 | AA31: =IF(OR(Z31="",Z31=0),"",INDEX(G$28:Y$28,Z31)) | AB31: =IF(AA31="","",INDEX(G$28:Y$28,Z31+1)) | AC31: =IF(AA31="","",INDEX(G31:Y31,Z31)) | AD31: =IF(AA31="","",INDEX(G31:Y31,Z31+1)) | AE31: =IF(B31="","",IFERROR(MATCH($B$7,$G$28:$Y$28,1),"")) -> 16
A32: 80 | B32: =IF(OR(A32="",NOT(ISNUMBER($B$16))),"",A32/3600/$B$16) -> 1.4266655 | C32: =IF(B32="","",$B$6/B32) -> 0.17523379 | D32: =IF(B32="","",IF(AA32="",IF(ISNUMBER(G32),IF(G32<$B$6,"< 0,5","n.d."),"n.d."),EXP(LN(AA32)+(LN($B$6)-LN(AC32))*(LN(AB32)-LN(AA32))/(LN(AD32)-LN(AC32))))) -> 2.894314 | E32: =IF(OR(B32="",AE32=""),"",IFERROR(EXP(LN(INDEX(G32:Y32,AE32))+(LN($B$7)-LN(INDEX(G$28:Y$28,AE32)))*(LN(INDEX(G32:Y32,AE32+1))-LN(INDEX(G32:Y32,AE32)))/(LN(INDEX(G$28:Y$28,AE32+1))-LN(INDEX(G$28:Y$28,AE32)))),"")) -> 0.10631027 | F32: =IF(B32="","",IF(OR($B$4<MIN(Parametri!$A$17:$A$19),$B$4>MAX(Parametri!$A$17:$A$19)),"L fuori 500–1500 mm: estrapolazione",IF(OR(A32<$B$18*0.99,A32>$B$19*1.01),"Q fuori dal campo simulato (estrapolazione)",IF(NOT(ISNUMBER(D32)),"vₜ non raggiunta / < 0,5 m",IF(C32>$B$17,"vₜ nel plateau/transizione: L poco significativo",IF(D32>Parametri!$B$7,"Oltre x max: troncato dal pavimento","OK")))))) -> vₜ nel plateau/transizione: L poco significativo | G32: =IF(OR($B32="",NOT(ISNUMBER(G$29))),"",G$29*$B32) -> 0.31911116 | H32: =IF(OR($B32="",NOT(ISNUMBER(H$29))),"",H$29*$B32) -> 0.30573382 | I32: =IF(OR($B32="",NOT(ISNUMBER(I$29))),"",I$29*$B32) -> 0.29157451 | J32: =IF(OR($B32="",NOT(ISNUMBER(J$29))),"",J$29*$B32) -> 0.27854478 | K32: =IF(OR($B32="",NOT(ISNUMBER(K$29))),"",K$29*$B32) -> 0.26434017 | L32: =IF(OR($B32="",NOT(ISNUMBER(L$29))),"",L$29*$B32) -> 0.24660864 | M32: =IF(OR($B32="",NOT(ISNUMBER(M$29))),"",M$29*$B32) -> 0.22669826 | N32: =IF(OR($B32="",NOT(ISNUMBER(N$29))),"",N$29*$B32) -> 0.20921438 | ... Y32: =IF(OR($B32="",NOT(ISNUMBER(Y$29))),"",Y$29*$B32) -> 0.056083617 | Z32: {=IF(B32="","",SUMPRODUCT(MAX(ISNUMBER(G32:X32)*ISNUMBER(H32:Y32)*(G32:X32>=$B$6)*(H32:Y32<$B$6)*(COLUMN(G32:X32)-COLUMN(G32)+1))))} -> 5 | AA32: =IF(OR(Z32="",Z32=0),"",INDEX(G$28:Y$28,Z32)) -> 2.5 | AB32: =IF(AA32="","",INDEX(G$28:Y$28,Z32+1)) -> 3 | AC32: =IF(AA32="","",INDEX(G32:Y32,Z32)) -> 0.26434017 | AD32: =IF(AA32="","",INDEX(G32:Y32,Z32+1)) -> 0.24660864 | AE32: =IF(B32="","",IFERROR(MATCH($B$7,$G$28:$Y$28,1),"")) -> 16
A33: 100 | B33: =IF(OR(A33="",NOT(ISNUMBER($B$16))),"",A33/3600/$B$16) -> 1.7833319 | C33: =IF(B33="","",$B$6/B33) -> 0.14018703 | D33: =IF(B33="","",IF(AA33="",IF(ISNUMBER(G33),IF(G33<$B$6,"< 0,5","n.d."),"n.d."),EXP(LN(AA33)+(LN($B$6)-LN(AC33))*(LN(AB33)-LN(AA33))/(LN(AD33)-LN(AC33))))) -> 4.2619638 | E33: =IF(OR(B33="",AE33=""),"",IFERROR(EXP(LN(INDEX(G33:Y33,AE33))+(LN($B$7)-LN(INDEX(G$28:Y$28,AE33)))*(LN(INDEX(G33:Y33,AE33+1))-LN(INDEX(G33:Y33,AE33)))/(LN(INDEX(G$28:Y$28,AE33+1))-LN(INDEX(G$28:Y$28,AE33)))),"")) -> 0.13288783 | F33: =IF(B33="","",IF(OR($B$4<MIN(Parametri!$A$17:$A$19),$B$4>MAX(Parametri!$A$17:$A$19)),"L fuori 500–1500 mm: estrapolazione",IF(OR(A33<$B$18*0.99,A33>$B$19*1.01),"Q fuori dal campo simulato (estrapolazione)",IF(NOT(ISNUMBER(D33)),"vₜ non raggiunta / < 0,5 m",IF(C33>$B$17,"vₜ nel plateau/transizione: L poco significativo",IF(D33>Parametri!$B$7,"Oltre x max: troncato dal pavimento","OK")))))) -> vₜ nel plateau/transizione: L poco significativo | G33: =IF(OR($B33="",NOT(ISNUMBER(G$29))),"",G$29*$B33) -> 0.39888895 | H33: =IF(OR($B33="",NOT(ISNUMBER(H$29))),"",H$29*$B33) -> 0.38216728 | I33: =IF(OR($B33="",NOT(ISNUMBER(I$29))),"",I$29*$B33) -> 0.36446814 | J33: =IF(OR($B33="",NOT(ISNUMBER(J$29))),"",J$29*$B33) -> 0.34818098 | K33: =IF(OR($B33="",NOT(ISNUMBER(K$29))),"",K$29*$B33) -> 0.33042521 | L33: =IF(OR($B33="",NOT(ISNUMBER(L$29))),"",L$29*$B33) -> 0.3082608 | M33: =IF(OR($B33="",NOT(ISNUMBER(M$29))),"",M$29*$B33) -> 0.28337282 | N33: =IF(OR($B33="",NOT(ISNUMBER(N$29))),"",N$29*$B33) -> 0.26151797 | ... Y33: =IF(OR($B33="",NOT(ISNUMBER(Y$29))),"",Y$29*$B33) -> 0.070104521 | Z33: {=IF(B33="","",SUMPRODUCT(MAX(ISNUMBER(G33:X33)*ISNUMBER(H33:Y33)*(G33:X33>=$B$6)*(H33:Y33<$B$6)*(COLUMN(G33:X33)-COLUMN(G33)+1))))} -> 8 | AA33: =IF(OR(Z33="",Z33=0),"",INDEX(G$28:Y$28,Z33)) -> 4 | AB33: =IF(AA33="","",INDEX(G$28:Y$28,Z33+1)) -> 4.5 | AC33: =IF(AA33="","",INDEX(G33:Y33,Z33)) -> 0.26151797 | AD33: =IF(AA33="","",INDEX(G33:Y33,Z33+1)) -> 0.24053652 | AE33: =IF(B33="","",IFERROR(MATCH($B$7,$G$28:$Y$28,1),"")) -> 16
A34: 120 | B34: =IF(OR(A34="",NOT(ISNUMBER($B$16))),"",A34/3600/$B$16) -> 2.1399983 | C34: =IF(B34="","",$B$6/B34) -> 0.11682252 | D34: =IF(B34="","",IF(AA34="",IF(ISNUMBER(G34),IF(G34<$B$6,"< 0,5","n.d."),"n.d."),EXP(LN(AA34)+(LN($B$6)-LN(AC34))*(LN(AB34)-LN(AA34))/(LN(AD34)-LN(AC34))))) -> 5.3166428 | E34: =IF(OR(B34="",AE34=""),"",IFERROR(EXP(LN(INDEX(G34:Y34,AE34))+(LN($B$7)-LN(INDEX(G$28:Y$28,AE34)))*(LN(INDEX(G34:Y34,AE34+1))-LN(INDEX(G34:Y34,AE34)))/(LN(INDEX(G$28:Y$28,AE34+1))-LN(INDEX(G$28:Y$28,AE34)))),"")) -> 0.1594654 | F34: =IF(B34="","",IF(OR($B$4<MIN(Parametri!$A$17:$A$19),$B$4>MAX(Parametri!$A$17:$A$19)),"L fuori 500–1500 mm: estrapolazione",IF(OR(A34<$B$18*0.99,A34>$B$19*1.01),"Q fuori dal campo simulato (estrapolazione)",IF(NOT(ISNUMBER(D34)),"vₜ non raggiunta / < 0,5 m",IF(C34>$B$17,"vₜ nel plateau/transizione: L poco significativo",IF(D34>Parametri!$B$7,"Oltre x max: troncato dal pavimento","OK")))))) -> OK | G34: =IF(OR($B34="",NOT(ISNUMBER(G$29))),"",G$29*$B34) -> 0.47866674 | H34: =IF(OR($B34="",NOT(ISNUMBER(H$29))),"",H$29*$B34) -> 0.45860074 | I34: =IF(OR($B34="",NOT(ISNUMBER(I$29))),"",I$29*$B34) -> 0.43736177 | J34: =IF(OR($B34="",NOT(ISNUMBER(J$29))),"",J$29*$B34) -> 0.41781718 | K34: =IF(OR($B34="",NOT(ISNUMBER(K$29))),"",K$29*$B34) -> 0.39651026 | L34: =IF(OR($B34="",NOT(ISNUMBER(L$29))),"",L$29*$B34) -> 0.36991297 | M34: =IF(OR($B34="",NOT(ISNUMBER(M$29))),"",M$29*$B34) -> 0.34004738 | N34: =IF(OR($B34="",NOT(ISNUMBER(N$29))),"",N$29*$B34) -> 0.31382157 | ... Y34: =IF(OR($B34="",NOT(ISNUMBER(Y$29))),"",Y$29*$B34) -> 0.084125425 | Z34: {=IF(B34="","",SUMPRODUCT(MAX(ISNUMBER(G34:X34)*ISNUMBER(H34:Y34)*(G34:X34>=$B$6)*(H34:Y34<$B$6)*(COLUMN(G34:X34)-COLUMN(G34)+1))))} -> 10 | AA34: =IF(OR(Z34="",Z34=0),"",INDEX(G$28:Y$28,Z34)) -> 5 | AB34: =IF(AA34="","",INDEX(G$28:Y$28,Z34+1)) -> 5.5 | AC34: =IF(AA34="","",INDEX(G34:Y34,Z34)) -> 0.26500663 | AD34: =IF(AA34="","",INDEX(G34:Y34,Z34+1)) -> 0.24208098 | AE34: =IF(B34="","",IFERROR(MATCH($B$7,$G$28:$Y$28,1),"")) -> 16
A35: 150 | B35: =IF(OR(A35="",NOT(ISNUMBER($B$16))),"",A35/3600/$B$16) -> 2.6749979 | C35: =IF(B35="","",$B$6/B35) -> 0.093458019 | D35: =IF(B35="","",IF(AA35="",IF(ISNUMBER(G35),IF(G35<$B$6,"< 0,5","n.d."),"n.d."),EXP(LN(AA35)+(LN($B$6)-LN(AC35))*(LN(AB35)-LN(AA35))/(LN(AD35)-LN(AC35))))) -> 6.7061637 | E35: =IF(OR(B35="",AE35=""),"",IFERROR(EXP(LN(INDEX(G35:Y35,AE35))+(LN($B$7)-LN(INDEX(G$28:Y$28,AE35)))*(LN(INDEX(G35:Y35,AE35+1))-LN(INDEX(G35:Y35,AE35)))/(LN(INDEX(G$28:Y$28,AE35+1))-LN(INDEX(G$28:Y$28,AE35)))),"")) -> 0.19933175 | F35: =IF(B35="","",IF(OR($B$4<MIN(Parametri!$A$17:$A$19),$B$4>MAX(Parametri!$A$17:$A$19)),"L fuori 500–1500 mm: estrapolazione",IF(OR(A35<$B$18*0.99,A35>$B$19*1.01),"Q fuori dal campo simulato (estrapolazione)",IF(NOT(ISNUMBER(D35)),"vₜ non raggiunta / < 0,5 m",IF(C35>$B$17,"vₜ nel plateau/transizione: L poco significativo",IF(D35>Parametri!$B$7,"Oltre x max: troncato dal pavimento","OK")))))) -> OK | G35: =IF(OR($B35="",NOT(ISNUMBER(G$29))),"",G$29*$B35) -> 0.59833343 | H35: =IF(OR($B35="",NOT(ISNUMBER(H$29))),"",H$29*$B35) -> 0.57325092 | I35: =IF(OR($B35="",NOT(ISNUMBER(I$29))),"",I$29*$B35) -> 0.54670221 | J35: =IF(OR($B35="",NOT(ISNUMBER(J$29))),"",J$29*$B35) -> 0.52227147 | K35: =IF(OR($B35="",NOT(ISNUMBER(K$29))),"",K$29*$B35) -> 0.49563782 | L35: =IF(OR($B35="",NOT(ISNUMBER(L$29))),"",L$29*$B35) -> 0.46239121 | M35: =IF(OR($B35="",NOT(ISNUMBER(M$29))),"",M$29*$B35) -> 0.42505923 | N35: =IF(OR($B35="",NOT(ISNUMBER(N$29))),"",N$29*$B35) -> 0.39227696 | ... Y35: =IF(OR($B35="",NOT(ISNUMBER(Y$29))),"",Y$29*$B35) -> 0.10515678 | Z35: {=IF(B35="","",SUMPRODUCT(MAX(ISNUMBER(G35:X35)*ISNUMBER(H35:Y35)*(G35:X35>=$B$6)*(H35:Y35<$B$6)*(COLUMN(G35:X35)-COLUMN(G35)+1))))} -> 13 | AA35: =IF(OR(Z35="",Z35=0),"",INDEX(G$28:Y$28,Z35)) -> 6.5 | AB35: =IF(AA35="","",INDEX(G$28:Y$28,Z35+1)) -> 7 | AC35: =IF(AA35="","",INDEX(G35:Y35,Z35)) -> 0.25782445 | AD35: =IF(AA35="","",INDEX(G35:Y35,Z35+1)) -> 0.23963972 | AE35: =IF(B35="","",IFERROR(MATCH($B$7,$G$28:$Y$28,1),"")) -> 16
A36: 200 | B36: =IF(OR(A36="",NOT(ISNUMBER($B$16))),"",A36/3600/$B$16) -> 3.5666638 | C36: =IF(B36="","",$B$6/B36) -> 0.070093514 | D36: =IF(B36="","",IF(AA36="",IF(ISNUMBER(G36),IF(G36<$B$6,"< 0,5","n.d."),"n.d."),EXP(LN(AA36)+(LN($B$6)-LN(AC36))*(LN(AB36)-LN(AA36))/(LN(AD36)-LN(AC36))))) -> 8.546623 | E36: =IF(OR(B36="",AE36=""),"",IFERROR(EXP(LN(INDEX(G36:Y36,AE36))+(LN($B$7)-LN(INDEX(G$28:Y$28,AE36)))*(LN(INDEX(G36:Y36,AE36+1))-LN(INDEX(G36:Y36,AE36)))/(LN(INDEX(G$28:Y$28,AE36+1))-LN(INDEX(G$28:Y$28,AE36)))),"")) -> 0.26577566 | F36: =IF(B36="","",IF(OR($B$4<MIN(Parametri!$A$17:$A$19),$B$4>MAX(Parametri!$A$17:$A$19)),"L fuori 500–1500 mm: estrapolazione",IF(OR(A36<$B$18*0.99,A36>$B$19*1.01),"Q fuori dal campo simulato (estrapolazione)",IF(NOT(ISNUMBER(D36)),"vₜ non raggiunta / < 0,5 m",IF(C36>$B$17,"vₜ nel plateau/transizione: L poco significativo",IF(D36>Parametri!$B$7,"Oltre x max: troncato dal pavimento","OK")))))) -> Oltre x max: troncato dal pavimento | G36: =IF(OR($B36="",NOT(ISNUMBER(G$29))),"",G$29*$B36) -> 0.7977779 | H36: =IF(OR($B36="",NOT(ISNUMBER(H$29))),"",H$29*$B36) -> 0.76433456 | I36: =IF(OR($B36="",NOT(ISNUMBER(I$29))),"",I$29*$B36) -> 0.72893628 | J36: =IF(OR($B36="",NOT(ISNUMBER(J$29))),"",J$29*$B36) -> 0.69636196 | K36: =IF(OR($B36="",NOT(ISNUMBER(K$29))),"",K$29*$B36) -> 0.66085043 | L36: =IF(OR($B36="",NOT(ISNUMBER(L$29))),"",L$29*$B36) -> 0.61652161 | M36: =IF(OR($B36="",NOT(ISNUMBER(M$29))),"",M$29*$B36) -> 0.56674564 | N36: =IF(OR($B36="",NOT(ISNUMBER(N$29))),"",N$29*$B36) -> 0.52303594 | ... Y36: =IF(OR($B36="",NOT(ISNUMBER(Y$29))),"",Y$29*$B36) -> 0.14020904 | Z36: {=IF(B36="","",SUMPRODUCT(MAX(ISNUMBER(G36:X36)*ISNUMBER(H36:Y36)*(G36:X36>=$B$6)*(H36:Y36<$B$6)*(COLUMN(G36:X36)-COLUMN(G36)+1))))} -> 17 | AA36: =IF(OR(Z36="",Z36=0),"",INDEX(G$28:Y$28,Z36)) -> 8.5 | AB36: =IF(AA36="","",INDEX(G$28:Y$28,Z36+1)) -> 9 | AC36: =IF(AA36="","",INDEX(G36:Y36,Z36)) -> 0.25367663 | AD36: =IF(AA36="","",INDEX(G36:Y36,Z36+1)) -> 0.21778456 | AE36: =IF(B36="","",IFERROR(MATCH($B$7,$G$28:$Y$28,1),"")) -> 16
A37: 250 | B37: =IF(OR(A37="",NOT(ISNUMBER($B$16))),"",A37/3600/$B$16) -> 4.4583298 | C37: =IF(B37="","",$B$6/B37) -> 0.056074811 | D37: =IF(B37="","",IF(AA37="",IF(ISNUMBER(G37),IF(G37<$B$6,"< 0,5","n.d."),"n.d."),EXP(LN(AA37)+(LN($B$6)-LN(AC37))*(LN(AB37)-LN(AA37))/(LN(AD37)-LN(AC37))))) -> 9.0946267 | E37: =IF(OR(B37="",AE37=""),"",IFERROR(EXP(LN(INDEX(G37:Y37,AE37))+(LN($B$7)-LN(INDEX(G$28:Y$28,AE37)))*(LN(INDEX(G37:Y37,AE37+1))-LN(INDEX(G37:Y37,AE37)))/(LN(INDEX(G$28:Y$28,AE37+1))-LN(INDEX(G$28:Y$28,AE37)))),"")) -> 0.33221958 | F37: =IF(B37="","",IF(OR($B$4<MIN(Parametri!$A$17:$A$19),$B$4>MAX(Parametri!$A$17:$A$19)),"L fuori 500–1500 mm: estrapolazione",IF(OR(A37<$B$18*0.99,A37>$B$19*1.01),"Q fuori dal campo simulato (estrapolazione)",IF(NOT(ISNUMBER(D37)),"vₜ non raggiunta / < 0,5 m",IF(C37>$B$17,"vₜ nel plateau/transizione: L poco significativo",IF(D37>Parametri!$B$7,"Oltre x max: troncato dal pavimento","OK")))))) -> Oltre x max: troncato dal pavimento | G37: =IF(OR($B37="",NOT(ISNUMBER(G$29))),"",G$29*$B37) -> 0.99722238 | H37: =IF(OR($B37="",NOT(ISNUMBER(H$29))),"",H$29*$B37) -> 0.9554182 | I37: =IF(OR($B37="",NOT(ISNUMBER(I$29))),"",I$29*$B37) -> 0.91117035 | J37: =IF(OR($B37="",NOT(ISNUMBER(J$29))),"",J$29*$B37) -> 0.87045245 | K37: =IF(OR($B37="",NOT(ISNUMBER(K$29))),"",K$29*$B37) -> 0.82606303 | L37: =IF(OR($B37="",NOT(ISNUMBER(L$29))),"",L$29*$B37) -> 0.77065201 | M37: =IF(OR($B37="",NOT(ISNUMBER(M$29))),"",M$29*$B37) -> 0.70843205 | N37: =IF(OR($B37="",NOT(ISNUMBER(N$29))),"",N$29*$B37) -> 0.65379493 | ... Y37: =IF(OR($B37="",NOT(ISNUMBER(Y$29))),"",Y$29*$B37) -> 0.1752613 | Z37: {=IF(B37="","",SUMPRODUCT(MAX(ISNUMBER(G37:X37)*ISNUMBER(H37:Y37)*(G37:X37>=$B$6)*(H37:Y37<$B$6)*(COLUMN(G37:X37)-COLUMN(G37)+1))))} -> 18 | AA37: =IF(OR(Z37="",Z37=0),"",INDEX(G$28:Y$28,Z37)) -> 9 | AB37: =IF(AA37="","",INDEX(G$28:Y$28,Z37+1)) -> 9.5 | AC37: =IF(AA37="","",INDEX(G37:Y37,Z37)) -> 0.2722307 | AD37: =IF(AA37="","",INDEX(G37:Y37,Z37+1)) -> 0.1752613 | AE37: =IF(B37="","",IFERROR(MATCH($B$7,$G$28:$Y$28,1),"")) -> 16
A38: 300 | B38: =IF(OR(A38="",NOT(ISNUMBER($B$16))),"",A38/3600/$B$16) -> 5.3499957 | C38: =IF(B38="","",$B$6/B38) -> 0.046729009 | D38: =IF(B38="","",IF(AA38="",IF(ISNUMBER(G38),IF(G38<$B$6,"< 0,5","n.d."),"n.d."),EXP(LN(AA38)+(LN($B$6)-LN(AC38))*(LN(AB38)-LN(AA38))/(LN(AD38)-LN(AC38))))) -> 9.3005034 | E38: =IF(OR(B38="",AE38=""),"",IFERROR(EXP(LN(INDEX(G38:Y38,AE38))+(LN($B$7)-LN(INDEX(G$28:Y$28,AE38)))*(LN(INDEX(G38:Y38,AE38+1))-LN(INDEX(G38:Y38,AE38)))/(LN(INDEX(G$28:Y$28,AE38+1))-LN(INDEX(G$28:Y$28,AE38)))),"")) -> 0.3986635 | F38: =IF(B38="","",IF(OR($B$4<MIN(Parametri!$A$17:$A$19),$B$4>MAX(Parametri!$A$17:$A$19)),"L fuori 500–1500 mm: estrapolazione",IF(OR(A38<$B$18*0.99,A38>$B$19*1.01),"Q fuori dal campo simulato (estrapolazione)",IF(NOT(ISNUMBER(D38)),"vₜ non raggiunta / < 0,5 m",IF(C38>$B$17,"vₜ nel plateau/transizione: L poco significativo",IF(D38>Parametri!$B$7,"Oltre x max: troncato dal pavimento","OK")))))) -> Q fuori dal campo simulato (estrapolazione) | G38: =IF(OR($B38="",NOT(ISNUMBER(G$29))),"",G$29*$B38) -> 1.1966669 | H38: =IF(OR($B38="",NOT(ISNUMBER(H$29))),"",H$29*$B38) -> 1.1465018 | I38: =IF(OR($B38="",NOT(ISNUMBER(I$29))),"",I$29*$B38) -> 1.0934044 | J38: =IF(OR($B38="",NOT(ISNUMBER(J$29))),"",J$29*$B38) -> 1.0445429 | K38: =IF(OR($B38="",NOT(ISNUMBER(K$29))),"",K$29*$B38) -> 0.99127564 | L38: =IF(OR($B38="",NOT(ISNUMBER(L$29))),"",L$29*$B38) -> 0.92478241 | M38: =IF(OR($B38="",NOT(ISNUMBER(M$29))),"",M$29*$B38) -> 0.85011846 | N38: =IF(OR($B38="",NOT(ISNUMBER(N$29))),"",N$29*$B38) -> 0.78455391 | ... Y38: =IF(OR($B38="",NOT(ISNUMBER(Y$29))),"",Y$29*$B38) -> 0.21031356 | Z38: {=IF(B38="","",SUMPRODUCT(MAX(ISNUMBER(G38:X38)*ISNUMBER(H38:Y38)*(G38:X38>=$B$6)*(H38:Y38<$B$6)*(COLUMN(G38:X38)-COLUMN(G38)+1))))} -> 18 | AA38: =IF(OR(Z38="",Z38=0),"",INDEX(G$28:Y$28,Z38)) -> 9 | AB38: =IF(AA38="","",INDEX(G$28:Y$28,Z38+1)) -> 9.5 | AC38: =IF(AA38="","",INDEX(G38:Y38,Z38)) -> 0.32667684 | AD38: =IF(AA38="","",INDEX(G38:Y38,Z38+1)) -> 0.21031356 | AE38: =IF(B38="","",IFERROR(MATCH($B$7,$G$28:$Y$28,1),"")) -> 16
A40: Celle grigie in tabella = x oltre x max (influenza del pavimento). La riga 30 usa la Q della cella B5; le altre Q sono modificabili. Fuori da 500–1500 mm la curva viene estrapolata linearmente: usare solo come stima orientativa.

Sheet Lancio_vs_L
A1: Lancio a vₜ in funzione della lunghezza L (portata fissata)
A2: Stesso metodo del foglio Catalogo_L_libera, su un elenco di lunghezze. Q, vₜ e distanza zona occupata arrivano da Catalogo_L_libera.
A4: Portata Q [m³/h] | B4: =Catalogo_L_libera!B5 -> 150
A5: Velocità terminale vₜ [m/s] | B5: =Catalogo_L_libera!B6 -> 0.25
A6: Distanza zona occupata [m] | B6: =Catalogo_L_libera!B7 -> 8.22
A8: L [mm] | B8: Idx inf. | C8: Peso w | D8: Coeff. contraz. | E8: A_eff [m²] | F8: v₀ eff. [m/s] | G8: vₜ/v₀ | H8: Soglia vₜ/v₀ | I8: Lancio a vₜ [m] | J8: vₓ zona occ. [m/s] | K8: Esito | L8: 0.5 | M8: 1 | N8: 1.5 | O8: 2 | P8: 2.5 | Q8: 3 | R8: 3.5 | S8: 4 | T8: 4.5 | U8: 5 | V8: 5.5 | W8: 6 | X8: 6.5 | Y8: 7 | Z8: 7.5 | AA8: 8 | AB8: 8.5 | AC8: 9 | AD8: 9.5 | AE8: j* | AF8: x₁ | AG8: x₂ | AH8: v₁ | AI8: v₂ | AJ8: idx occ
A9: 500 | B9: =IFERROR(MIN(MATCH(A9,Parametri!$A$17:$A$19,1),2),1) -> 1 | C9: =(A9-INDEX(Parametri!$A$17:$A$19,B9))/(INDEX(Parametri!$A$17:$A$19,B9+1)-INDEX(Parametri!$A$17:$A$19,B9)) -> 0 | D9: =(1-C9)*INDEX(Riepilogo!$C$5:$C$7,B9)+C9*INDEX(Riepilogo!$C$5:$C$7,B9+1) -> 0.50683116 | E9: =A9/1000*Parametri!$B$4*D9 -> 0.010136623 | F9: =$B$4/3600/E9 -> 4.1105076 | G9: =$B$5/F9 -> 0.06081974 | H9: =(1-C9)*INDEX(Riepilogo!$F$5:$F$7,B9)+C9*INDEX(Riepilogo!$F$5:$F$7,B9+1) -> 0.125 | I9: =IF(AF9="",IF(ISNUMBER(L9),IF(L9<$B$5,"< 0,5","n.d."),"n.d."),EXP(LN(AF9)+(LN($B$5)-LN(AH9))*(LN(AG9)-LN(AF9))/(LN(AI9)-LN(AH9)))) -> 8.2270888 | J9: =IF(AJ9="","",IFERROR(EXP(LN(INDEX(L9:AD9,AJ9))+(LN($B$6)-LN(INDEX(L$8:AD$8,AJ9)))*(LN(INDEX(L9:AD9,AJ9+1))-LN(INDEX(L9:AD9,AJ9)))/(LN(INDEX(L$8:AD$8,AJ9+1))-LN(INDEX(L$8:AD$8,AJ9)))),"")) -> 0.25031676 | K9: =IF(OR(A9<MIN(Parametri!$A$17:$A$19),A9>MAX(Parametri!$A$17:$A$19)),"L fuori 500–1500 mm: estrapolazione",IF(OR($B$4<MAX(INDEX(Riepilogo!$H$5:$H$7,B9),INDEX(Riepilogo!$H$5:$H$7,B9+1))*0.99,$B$4>MIN(INDEX(Riepilogo!$I$5:$I$7,B9),INDEX(Riepilogo!$I$5:$I$7,B9+1))*1.01),"Q fuori dal campo simulato (estrapolazione)",IF(NOT(ISNUMBER(I9)),"vₜ non raggiunta / < 0,5 m",IF(G9>H9,"vₜ nel plateau/transizione: L poco significativo",IF(I9>Parametri!$B$7,"Oltre x max: troncato dal pavimento","OK"))))) -> OK | L9: =$F9*MAX(0.001,(1-$C9)*INDEX(Curve!$G$1:$G$100,4+($B9-1)*24+1+L$8*2)+$C9*INDEX(Curve!$G$1:$G$100,4+$B9*24+1+L$8*2)) -> 0.93615039 | M9: =$F9*MAX(0.001,(1-$C9)*INDEX(Curve!$G$1:$G$100,4+($B9-1)*24+1+M$8*2)+$C9*INDEX(Curve!$G$1:$G$100,4+$B9*24+1+M$8*2)) -> 0.8749282 | N9: =$F9*MAX(0.001,(1-$C9)*INDEX(Curve!$G$1:$G$100,4+($B9-1)*24+1+N$8*2)+$C9*INDEX(Curve!$G$1:$G$100,4+$B9*24+1+N$8*2)) -> 0.7910919 | O9: =$F9*MAX(0.001,(1-$C9)*INDEX(Curve!$G$1:$G$100,4+($B9-1)*24+1+O$8*2)+$C9*INDEX(Curve!$G$1:$G$100,4+$B9*24+1+O$8*2)) -> 0.72873582 | P9: =$F9*MAX(0.001,(1-$C9)*INDEX(Curve!$G$1:$G$100,4+($B9-1)*24+1+P$8*2)+$C9*INDEX(Curve!$G$1:$G$100,4+$B9*24+1+P$8*2)) -> 0.67506288 | Q9: =$F9*MAX(0.001,(1-$C9)*INDEX(Curve!$G$1:$G$100,4+($B9-1)*24+1+Q$8*2)+$C9*INDEX(Curve!$G$1:$G$100,4+$B9*24+1+Q$8*2)) -> 0.6109714 | R9: =$F9*MAX(0.001,(1-$C9)*INDEX(Curve!$G$1:$G$100,4+($B9-1)*24+1+R$8*2)+$C9*INDEX(Curve!$G$1:$G$100,4+$B9*24+1+R$8*2)) -> 0.55184299 | S9: =$F9*MAX(0.001,(1-$C9)*INDEX(Curve!$G$1:$G$100,4+($B9-1)*24+1+S$8*2)+$C9*INDEX(Curve!$G$1:$G$100,4+$B9*24+1+S$8*2)) -> 0.50446721 | ... AD9: =$F9*MAX(0.001,(1-$C9)*INDEX(Curve!$G$1:$G$100,4+($B9-1)*24+1+AD$8*2)+$C9*INDEX(Curve!$G$1:$G$100,4+$B9*24+1+AD$8*2)) -> 0.13618481 | AE9: {=SUMPRODUCT(MAX(ISNUMBER(L9:AC9)*ISNUMBER(M9:AD9)*(L9:AC9>=$B$5)*(M9:AD9<$B$5)*(COLUMN(L9:AC9)-COLUMN(L9)+1)))} -> 16 | AF9: =IF(OR(AE9="",AE9=0),"",INDEX(L$8:AD$8,AE9)) -> 8 | AG9: =IF(AF9="","",INDEX(L$8:AD$8,AE9+1)) -> 8.5 | AH9: =IF(AF9="","",INDEX(L9:AD9,AE9)) -> 0.26049333 | AI9: =IF(AF9="","",INDEX(L9:AD9,AE9+1)) -> 0.23829847 | AJ9: =IFERROR(MATCH($B$6,L$8:AD$8,1),"") -> 16
A10: 600 | B10: =IFERROR(MIN(MATCH(A10,Parametri!$A$17:$A$19,1),2),1) -> 1 | C10: =(A10-INDEX(Parametri!$A$17:$A$19,B10))/(INDEX(Parametri!$A$17:$A$19,B10+1)-INDEX(Parametri!$A$17:$A$19,B10)) -> 0.2 | D10: =(1-C10)*INDEX(Riepilogo!$C$5:$C$7,B10)+C10*INDEX(Riepilogo!$C$5:$C$7,B10+1) -> 0.51178318 | E10: =A10/1000*Parametri!$B$4*D10 -> 0.012282796 | F10: =$B$4/3600/E10 -> 3.3922785 | G10: =$B$5/F10 -> 0.073696779 | H10: =(1-C10)*INDEX(Riepilogo!$F$5:$F$7,B10)+C10*INDEX(Riepilogo!$F$5:$F$7,B10+1) -> 0.13 | I10: =IF(AF10="",IF(ISNUMBER(L10),IF(L10<$B$5,"< 0,5","n.d."),"n.d."),EXP(LN(AF10)+(LN($B$5)-LN(AH10))*(LN(AG10)-LN(AF10))/(LN(AI10)-LN(AH10)))) -> 7.5528814 | J10: =IF(AJ10="","",IFERROR(EXP(LN(INDEX(L10:AD10,AJ10))+(LN($B$6)-LN(INDEX(L$8:AD$8,AJ10)))*(LN(INDEX(L10:AD10,AJ10+1))-LN(INDEX(L10:AD10,AJ10)))/(LN(INDEX(L$8:AD$8,AJ10+1))-LN(INDEX(L$8:AD$8,AJ10)))),"")) -> 0.22505993 | K10: =IF(OR(A10<MIN(Parametri!$A$17:$A$19),A10>MAX(Parametri!$A$17:$A$19)),"L fuori 500–1500 mm: estrapolazione",IF(OR($B$4<MAX(INDEX(Riepilogo!$H$5:$H$7,B10),INDEX(Riepilogo!$H$5:$H$7,B10+1))*0.99,$B$4>MIN(INDEX(Riepilogo!$I$5:$I$7,B10),INDEX(Riepilogo!$I$5:$I$7,B10+1))*1.01),"Q fuori dal campo simulato (estrapolazione)",IF(NOT(ISNUMBER(I10)),"vₜ non raggiunta / < 0,5 m",IF(G10>H10,"vₜ nel plateau/transizione: L poco significativo",IF(I10>Parametri!$B$7,"Oltre x max: troncato dal pavimento","OK"))))) -> OK | L10: =$F10*MAX(0.001,(1-$C10)*INDEX(Curve!$G$1:$G$100,4+($B10-1)*24+1+L$8*2)+$C10*INDEX(Curve!$G$1:$G$100,4+$B10*24+1+L$8*2)) -> 0.76705492 | M10: =$F10*MAX(0.001,(1-$C10)*INDEX(Curve!$G$1:$G$100,4+($B10-1)*24+1+M$8*2)+$C10*INDEX(Curve!$G$1:$G$100,4+$B10*24+1+M$8*2)) -> 0.72401674 | N10: =$F10*MAX(0.001,(1-$C10)*INDEX(Curve!$G$1:$G$100,4+($B10-1)*24+1+N$8*2)+$C10*INDEX(Curve!$G$1:$G$100,4+$B10*24+1+N$8*2)) -> 0.66903717 | O10: =$F10*MAX(0.001,(1-$C10)*INDEX(Curve!$G$1:$G$100,4+($B10-1)*24+1+O$8*2)+$C10*INDEX(Curve!$G$1:$G$100,4+$B10*24+1+O$8*2)) -> 0.62576815 | P10: =$F10*MAX(0.001,(1-$C10)*INDEX(Curve!$G$1:$G$100,4+($B10-1)*24+1+P$8*2)+$C10*INDEX(Curve!$G$1:$G$100,4+$B10*24+1+P$8*2)) -> 0.58568124 | Q10: =$F10*MAX(0.001,(1-$C10)*INDEX(Curve!$G$1:$G$100,4+($B10-1)*24+1+Q$8*2)+$C10*INDEX(Curve!$G$1:$G$100,4+$B10*24+1+Q$8*2)) -> 0.537081 | R10: =$F10*MAX(0.001,(1-$C10)*INDEX(Curve!$G$1:$G$100,4+($B10-1)*24+1+R$8*2)+$C10*INDEX(Curve!$G$1:$G$100,4+$B10*24+1+R$8*2)) -> 0.48886595 | S10: =$F10*MAX(0.001,(1-$C10)*INDEX(Curve!$G$1:$G$100,4+($B10-1)*24+1+S$8*2)+$C10*INDEX(Curve!$G$1:$G$100,4+$B10*24+1+S$8*2)) -> 0.44877823 | ... AD10: =$F10*MAX(0.001,(1-$C10)*INDEX(Curve!$G$1:$G$100,4+($B10-1)*24+1+AD$8*2)+$C10*INDEX(Curve!$G$1:$G$100,4+$B10*24+1+AD$8*2)) -> 0.12077505 | AE10: {=SUMPRODUCT(MAX(ISNUMBER(L10:AC10)*ISNUMBER(M10:AD10)*(L10:AC10>=$B$5)*(M10:AD10<$B$5)*(COLUMN(L10:AC10)-COLUMN(L10)+1)))} -> 15 | AF10: =IF(OR(AE10="",AE10=0),"",INDEX(L$8:AD$8,AE10)) -> 7.5 | AG10: =IF(AF10="","",INDEX(L$8:AD$8,AE10+1)) -> 8 | AH10: =IF(AF10="","",INDEX(L10:AD10,AE10)) -> 0.25202988 | AI10: =IF(AF10="","",INDEX(L10:AD10,AE10+1)) -> 0.23398725 | AJ10: =IFERROR(MATCH($B$6,L$8:AD$8,1),"") -> 16
A11: 700 | B11: =IFERROR(MIN(MATCH(A11,Parametri!$A$17:$A$19,1),2),1) -> 1 | C11: =(A11-INDEX(Parametri!$A$17:$A$19,B11))/(INDEX(Parametri!$A$17:$A$19,B11+1)-INDEX(Parametri!$A$17:$A$19,B11)) -> 0.4 | D11: =(1-C11)*INDEX(Riepilogo!$C$5:$C$7,B11)+C11*INDEX(Riepilogo!$C$5:$C$7,B11+1) -> 0.51673521 | E11: =A11/1000*Parametri!$B$4*D11 -> 0.014468586 | F11: =$B$4/3600/E11 -> 2.8798023 | G11: =$B$5/F11 -> 0.086811514 | H11: =(1-C11)*INDEX(Riepilogo!$F$5:$F$7,B11)+C11*INDEX(Riepilogo!$F$5:$F$7,B11+1) -> 0.135 | I11: =IF(AF11="",IF(ISNUMBER(L11),IF(L11<$B$5,"< 0,5","n.d."),"n.d."),EXP(LN(AF11)+(LN($B$5)-LN(AH11))*(LN(AG11)-LN(AF11))/(LN(AI11)-LN(AH11)))) -> 6.9508357 | J11: =IF(AJ11="","",IFERROR(EXP(LN(INDEX(L11:AD11,AJ11))+(LN($B$6)-LN(INDEX(L$8:AD$8,AJ11)))*(LN(INDEX(L11:AD11,AJ11+1))-LN(INDEX(L11:AD11,AJ11)))/(LN(INDEX(L$8:AD$8,AJ11+1))-LN(INDEX(L$8:AD$8,AJ11)))),"")) -> 0.20674869 | K11: =IF(OR(A11<MIN(Parametri!$A$17:$A$19),A11>MAX(Parametri!$A$17:$A$19)),"L fuori 500–1500 mm: estrapolazione",IF(OR($B$4<MAX(INDEX(Riepilogo!$H$5:$H$7,B11),INDEX(Riepilogo!$H$5:$H$7,B11+1))*0.99,$B$4>MIN(INDEX(Riepilogo!$I$5:$I$7,B11),INDEX(Riepilogo!$I$5:$I$7,B11+1))*1.01),"Q fuori dal campo simulato (estrapolazione)",IF(NOT(ISNUMBER(I11)),"vₜ non raggiunta / < 0,5 m",IF(G11>H11,"vₜ nel plateau/transizione: L poco significativo",IF(I11>Parametri!$B$7,"Oltre x max: troncato dal pavimento","OK"))))) -> OK | L11: =$F11*MAX(0.001,(1-$C11)*INDEX(Curve!$G$1:$G$100,4+($B11-1)*24+1+L$8*2)+$C11*INDEX(Curve!$G$1:$G$100,4+$B11*24+1+L$8*2)) -> 0.64648717 | M11: =$F11*MAX(0.001,(1-$C11)*INDEX(Curve!$G$1:$G$100,4+($B11-1)*24+1+M$8*2)+$C11*INDEX(Curve!$G$1:$G$100,4+$B11*24+1+M$8*2)) -> 0.61630646 | N11: =$F11*MAX(0.001,(1-$C11)*INDEX(Curve!$G$1:$G$100,4+($B11-1)*24+1+N$8*2)+$C11*INDEX(Curve!$G$1:$G$100,4+$B11*24+1+N$8*2)) -> 0.58169432 | O11: =$F11*MAX(0.001,(1-$C11)*INDEX(Curve!$G$1:$G$100,4+($B11-1)*24+1+O$8*2)+$C11*INDEX(Curve!$G$1:$G$100,4+$B11*24+1+O$8*2)) -> 0.55191607 | P11: =$F11*MAX(0.001,(1-$C11)*INDEX(Curve!$G$1:$G$100,4+($B11-1)*24+1+P$8*2)+$C11*INDEX(Curve!$G$1:$G$100,4+$B11*24+1+P$8*2)) -> 0.52145724 | Q11: =$F11*MAX(0.001,(1-$C11)*INDEX(Curve!$G$1:$G$100,4+($B11-1)*24+1+Q$8*2)+$C11*INDEX(Curve!$G$1:$G$100,4+$B11*24+1+Q$8*2)) -> 0.48384316 | R11: =$F11*MAX(0.001,(1-$C11)*INDEX(Curve!$G$1:$G$100,4+($B11-1)*24+1+R$8*2)+$C11*INDEX(Curve!$G$1:$G$100,4+$B11*24+1+R$8*2)) -> 0.44340597 | S11: =$F11*MAX(0.001,(1-$C11)*INDEX(Curve!$G$1:$G$100,4+($B11-1)*24+1+S$8*2)+$C11*INDEX(Curve!$G$1:$G$100,4+$B11*24+1+S$8*2)) -> 0.40853399 | ... AD11: =$F11*MAX(0.001,(1-$C11)*INDEX(Curve!$G$1:$G$100,4+($B11-1)*24+1+AD$8*2)+$C11*INDEX(Curve!$G$1:$G$100,4+$B11*24+1+AD$8*2)) -> 0.10964836 | AE11: {=SUMPRODUCT(MAX(ISNUMBER(L11:AC11)*ISNUMBER(M11:AD11)*(L11:AC11>=$B$5)*(M11:AD11<$B$5)*(COLUMN(L11:AC11)-COLUMN(L11)+1)))} -> 13 | AF11: =IF(OR(AE11="",AE11=0),"",INDEX(L$8:AD$8,AE11)) -> 6.5 | AG11: =IF(AF11="","",INDEX(L$8:AD$8,AE11+1)) -> 7 | AH11: =IF(AF11="","",INDEX(L11:AD11,AE11)) -> 0.26703343 | AI11: =IF(AF11="","",INDEX(L11:AD11,AE11+1)) -> 0.24827406 | AJ11: =IFERROR(MATCH($B$6,L$8:AD$8,1),"") -> 16
A12: 800 | B12: =IFERROR(MIN(MATCH(A12,Parametri!$A$17:$A$19,1),2),1) -> 1 | C12: =(A12-INDEX(Parametri!$A$17:$A$19,B12))/(INDEX(Parametri!$A$17:$A$19,B12+1)-INDEX(Parametri!$A$17:$A$19,B12)) -> 0.6 | D12: =(1-C12)*INDEX(Riepilogo!$C$5:$C$7,B12)+C12*INDEX(Riepilogo!$C$5:$C$7,B12+1) -> 0.52168723 | E12: =A12/1000*Parametri!$B$4*D12 -> 0.016693991 | F12: =$B$4/3600/E12 -> 2.495908 | G12: =$B$5/F12 -> 0.10016395 | H12: =(1-C12)*INDEX(Riepilogo!$F$5:$F$7,B12)+C12*INDEX(Riepilogo!$F$5:$F$7,B12+1) -> 0.14 | I12: =IF(AF12="",IF(ISNUMBER(L12),IF(L12<$B$5,"< 0,5","n.d."),"n.d."),EXP(LN(AF12)+(LN($B$5)-LN(AH12))*(LN(AG12)-LN(AF12))/(LN(AI12)-LN(AH12)))) -> 6.4916899 | J12: =IF(AJ12="","",IFERROR(EXP(LN(INDEX(L12:AD12,AJ12))+(LN($B$6)-LN(INDEX(L$8:AD$8,AJ12)))*(LN(INDEX(L12:AD12,AJ12+1))-LN(INDEX(L12:AD12,AJ12)))/(LN(INDEX(L$8:AD$8,AJ12+1))-LN(INDEX(L$8:AD$8,AJ12)))),"")) -> 0.19278524 | K12: =IF(OR(A12<MIN(Parametri!$A$17:$A$19),A12>MAX(Parametri!$A$17:$A$19)),"L fuori 500–1500 mm: estrapolazione",IF(OR($B$4<MAX(INDEX(Riepilogo!$H$5:$H$7,B12),INDEX(Riepilogo!$H$5:$H$7,B12+1))*0.99,$B$4>MIN(INDEX(Riepilogo!$I$5:$I$7,B12),INDEX(Riepilogo!$I$5:$I$7,B12+1))*1.01),"Q fuori dal campo simulato (estrapolazione)",IF(NOT(ISNUMBER(I12)),"vₜ non raggiunta / < 0,5 m",IF(G12>H12,"vₜ nel plateau/transizione: L poco significativo",IF(I12>Parametri!$B$7,"Oltre x max: troncato dal pavimento","OK"))))) -> OK | L12: =$F12*MAX(0.001,(1-$C12)*INDEX(Curve!$G$1:$G$100,4+($B12-1)*24+1+L$8*2)+$C12*INDEX(Curve!$G$1:$G$100,4+$B12*24+1+L$8*2)) -> 0.55624389 | M12: =$F12*MAX(0.001,(1-$C12)*INDEX(Curve!$G$1:$G$100,4+($B12-1)*24+1+M$8*2)+$C12*INDEX(Curve!$G$1:$G$100,4+$B12*24+1+M$8*2)) -> 0.53559484 | N12: =$F12*MAX(0.001,(1-$C12)*INDEX(Curve!$G$1:$G$100,4+($B12-1)*24+1+N$8*2)+$C12*INDEX(Curve!$G$1:$G$100,4+$B12*24+1+N$8*2)) -> 0.51605041 | O12: =$F12*MAX(0.001,(1-$C12)*INDEX(Curve!$G$1:$G$100,4+($B12-1)*24+1+O$8*2)+$C12*INDEX(Curve!$G$1:$G$100,4+$B12*24+1+O$8*2)) -> 0.49626882 | P12: =$F12*MAX(0.001,(1-$C12)*INDEX(Curve!$G$1:$G$100,4+($B12-1)*24+1+P$8*2)+$C12*INDEX(Curve!$G$1:$G$100,4+$B12*24+1+P$8*2)) -> 0.47296623 | Q12: =$F12*MAX(0.001,(1-$C12)*INDEX(Curve!$G$1:$G$100,4+($B12-1)*24+1+Q$8*2)+$C12*INDEX(Curve!$G$1:$G$100,4+$B12*24+1+Q$8*2)) -> 0.4435246 | R12: =$F12*MAX(0.001,(1-$C12)*INDEX(Curve!$G$1:$G$100,4+($B12-1)*24+1+R$8*2)+$C12*INDEX(Curve!$G$1:$G$100,4+$B12*24+1+R$8*2)) -> 0.40890604 | S12: =$F12*MAX(0.001,(1-$C12)*INDEX(Curve!$G$1:$G$100,4+($B12-1)*24+1+S$8*2)+$C12*INDEX(Curve!$G$1:$G$100,4+$B12*24+1+S$8*2)) -> 0.37795435 | ... AD12: =$F12*MAX(0.001,(1-$C12)*INDEX(Curve!$G$1:$G$100,4+($B12-1)*24+1+AD$8*2)+$C12*INDEX(Curve!$G$1:$G$100,4+$B12*24+1+AD$8*2)) -> 0.10120157 | AE12: {=SUMPRODUCT(MAX(ISNUMBER(L12:AC12)*ISNUMBER(M12:AD12)*(L12:AC12>=$B$5)*(M12:AD12<$B$5)*(COLUMN(L12:AC12)-COLUMN(L12)+1)))} -> 12 | AF12: =IF(OR(AE12="",AE12=0),"",INDEX(L$8:AD$8,AE12)) -> 6 | AG12: =IF(AF12="","",INDEX(L$8:AD$8,AE12+1)) -> 6.5 | AH12: =IF(AF12="","",INDEX(L12:AD12,AE12)) -> 0.26983837 | AI12: =IF(AF12="","",INDEX(L12:AD12,AE12+1)) -> 0.24969012 | AJ12: =IFERROR(MATCH($B$6,L$8:AD$8,1),"") -> 16
A13: 900 | B13: =IFERROR(MIN(MATCH(A13,Parametri!$A$17:$A$19,1),2),1) -> 1 | C13: =(A13-INDEX(Parametri!$A$17:$A$19,B13))/(INDEX(Parametri!$A$17:$A$19,B13+1)-INDEX(Parametri!$A$17:$A$19,B13)) -> 0.8 | D13: =(1-C13)*INDEX(Riepilogo!$C$5:$C$7,B13)+C13*INDEX(Riepilogo!$C$5:$C$7,B13+1) -> 0.52663925 | E13: =A13/1000*Parametri!$B$4*D13 -> 0.018959013 | F13: =$B$4/3600/E13 -> 2.1977234 | G13: =$B$5/F13 -> 0.11375408 | H13: =(1-C13)*INDEX(Riepilogo!$F$5:$F$7,B13)+C13*INDEX(Riepilogo!$F$5:$F$7,B13+1) -> 0.145 | I13: =IF(AF13="",IF(ISNUMBER(L13),IF(L13<$B$5,"< 0,5","n.d."),"n.d."),EXP(LN(AF13)+(LN($B$5)-LN(AH13))*(LN(AG13)-LN(AF13))/(LN(AI13)-LN(AH13)))) -> 6.1236148 | J13: =IF(AJ13="","",IFERROR(EXP(LN(INDEX(L13:AD13,AJ13))+(LN($B$6)-LN(INDEX(L$8:AD$8,AJ13)))*(LN(INDEX(L13:AD13,AJ13+1))-LN(INDEX(L13:AD13,AJ13)))/(LN(INDEX(L$8:AD$8,AJ13+1))-LN(INDEX(L$8:AD$8,AJ13)))),"")) -> 0.18172609 | K13: =IF(OR(A13<MIN(Parametri!$A$17:$A$19),A13>MAX(Parametri!$A$17:$A$19)),"L fuori 500–1500 mm: estrapolazione",IF(OR($B$4<MAX(INDEX(Riepilogo!$H$5:$H$7,B13),INDEX(Riepilogo!$H$5:$H$7,B13+1))*0.99,$B$4>MIN(INDEX(Riepilogo!$I$5:$I$7,B13),INDEX(Riepilogo!$I$5:$I$7,B13+1))*1.01),"Q fuori dal campo simulato (estrapolazione)",IF(NOT(ISNUMBER(I13)),"vₜ non raggiunta / < 0,5 m",IF(G13>H13,"vₜ nel plateau/transizione: L poco significativo",IF(I13>Parametri!$B$7,"Oltre x max: troncato dal pavimento","OK"))))) -> OK | L13: =$F13*MAX(0.001,(1-$C13)*INDEX(Curve!$G$1:$G$100,4+($B13-1)*24+1+L$8*2)+$C13*INDEX(Curve!$G$1:$G$100,4+$B13*24+1+L$8*2)) -> 0.48621235 | M13: =$F13*MAX(0.001,(1-$C13)*INDEX(Curve!$G$1:$G$100,4+($B13-1)*24+1+M$8*2)+$C13*INDEX(Curve!$G$1:$G$100,4+$B13*24+1+M$8*2)) -> 0.47288054 | N13: =$F13*MAX(0.001,(1-$C13)*INDEX(Curve!$G$1:$G$100,4+($B13-1)*24+1+N$8*2)+$C13*INDEX(Curve!$G$1:$G$100,4+$B13*24+1+N$8*2)) -> 0.46487588 | O13: =$F13*MAX(0.001,(1-$C13)*INDEX(Curve!$G$1:$G$100,4+($B13-1)*24+1+O$8*2)+$C13*INDEX(Curve!$G$1:$G$100,4+$B13*24+1+O$8*2)) -> 0.45276458 | P13: =$F13*MAX(0.001,(1-$C13)*INDEX(Curve!$G$1:$G$100,4+($B13-1)*24+1+P$8*2)+$C13*INDEX(Curve!$G$1:$G$100,4+$B13*24+1+P$8*2)) -> 0.43497198 | Q13: =$F13*MAX(0.001,(1-$C13)*INDEX(Curve!$G$1:$G$100,4+($B13-1)*24+1+Q$8*2)+$C13*INDEX(Curve!$G$1:$G$100,4+$B13*24+1+Q$8*2)) -> 0.41182869 | R13: =$F13*MAX(0.001,(1-$C13)*INDEX(Curve!$G$1:$G$100,4+($B13-1)*24+1+R$8*2)+$C13*INDEX(Curve!$G$1:$G$100,4+$B13*24+1+R$8*2)) -> 0.38172294 | S13: =$F13*MAX(0.001,(1-$C13)*INDEX(Curve!$G$1:$G$100,4+($B13-1)*24+1+S$8*2)+$C13*INDEX(Curve!$G$1:$G$100,4+$B13*24+1+S$8*2)) -> 0.35382771 | ... AD13: =$F13*MAX(0.001,(1-$C13)*INDEX(Curve!$G$1:$G$100,4+($B13-1)*24+1+AD$8*2)+$C13*INDEX(Curve!$G$1:$G$100,4+$B13*24+1+AD$8*2)) -> 0.094543921 | AE13: {=SUMPRODUCT(MAX(ISNUMBER(L13:AC13)*ISNUMBER(M13:AD13)*(L13:AC13>=$B$5)*(M13:AD13<$B$5)*(COLUMN(L13:AC13)-COLUMN(L13)+1)))} -> 12 | AF13: =IF(OR(AE13="",AE13=0),"",INDEX(L$8:AD$8,AE13)) -> 6 | AG13: =IF(AF13="","",INDEX(L$8:AD$8,AE13+1)) -> 6.5 | AH13: =IF(AF13="","",INDEX(L13:AD13,AE13)) -> 0.25499925 | AI13: =IF(AF13="","",INDEX(L13:AD13,AE13+1)) -> 0.23593281 | AJ13: =IFERROR(MATCH($B$6,L$8:AD$8,1),"") -> 16
A14: 1000 | B14: =IFERROR(MIN(MATCH(A14,Parametri!$A$17:$A$19,1),2),1) -> 2 | C14: =(A14-INDEX(Parametri!$A$17:$A$19,B14))/(INDEX(Parametri!$A$17:$A$19,B14+1)-INDEX(Parametri!$A$17:$A$19,B14)) -> 0 | D14: =(1-C14)*INDEX(Riepilogo!$C$5:$C$7,B14)+C14*INDEX(Riepilogo!$C$5:$C$7,B14+1) -> 0.53159127 | E14: =A14/1000*Parametri!$B$4*D14 -> 0.021263651 | F14: =$B$4/3600/E14 -> 1.9595255 | G14: =$B$5/F14 -> 0.1275819 | H14: =(1-C14)*INDEX(Riepilogo!$F$5:$F$7,B14)+C14*INDEX(Riepilogo!$F$5:$F$7,B14+1) -> 0.15 | I14: =IF(AF14="",IF(ISNUMBER(L14),IF(L14<$B$5,"< 0,5","n.d."),"n.d."),EXP(LN(AF14)+(LN($B$5)-LN(AH14))*(LN(AG14)-LN(AF14))/(LN(AI14)-LN(AH14)))) -> 5.8181706 | J14: =IF(AJ14="","",IFERROR(EXP(LN(INDEX(L14:AD14,AJ14))+(LN($B$6)-LN(INDEX(L$8:AD$8,AJ14)))*(LN(INDEX(L14:AD14,AJ14+1))-LN(INDEX(L14:AD14,AJ14)))/(LN(INDEX(L$8:AD$8,AJ14+1))-LN(INDEX(L$8:AD$8,AJ14)))),"")) -> 0.17270497 | K14: =IF(OR(A14<MIN(Parametri!$A$17:$A$19),A14>MAX(Parametri!$A$17:$A$19)),"L fuori 500–1500 mm: estrapolazione",IF(OR($B$4<MAX(INDEX(Riepilogo!$H$5:$H$7,B14),INDEX(Riepilogo!$H$5:$H$7,B14+1))*0.99,$B$4>MIN(INDEX(Riepilogo!$I$5:$I$7,B14),INDEX(Riepilogo!$I$5:$I$7,B14+1))*1.01),"Q fuori dal campo simulato (estrapolazione)",IF(NOT(ISNUMBER(I14)),"vₜ non raggiunta / < 0,5 m",IF(G14>H14,"vₜ nel plateau/transizione: L poco significativo",IF(I14>Parametri!$B$7,"Oltre x max: troncato dal pavimento","OK"))))) -> OK | L14: =$F14*MAX(0.001,(1-$C14)*INDEX(Curve!$G$1:$G$100,4+($B14-1)*24+1+L$8*2)+$C14*INDEX(Curve!$G$1:$G$100,4+$B14*24+1+L$8*2)) -> 0.43032506 | M14: =$F14*MAX(0.001,(1-$C14)*INDEX(Curve!$G$1:$G$100,4+($B14-1)*24+1+M$8*2)+$C14*INDEX(Curve!$G$1:$G$100,4+$B14*24+1+M$8*2)) -> 0.42276282 | N14: =$F14*MAX(0.001,(1-$C14)*INDEX(Curve!$G$1:$G$100,4+($B14-1)*24+1+N$8*2)+$C14*INDEX(Curve!$G$1:$G$100,4+$B14*24+1+N$8*2)) -> 0.42383289 | O14: =$F14*MAX(0.001,(1-$C14)*INDEX(Curve!$G$1:$G$100,4+($B14-1)*24+1+O$8*2)+$C14*INDEX(Curve!$G$1:$G$100,4+$B14*24+1+O$8*2)) -> 0.41776607 | P14: =$F14*MAX(0.001,(1-$C14)*INDEX(Curve!$G$1:$G$100,4+($B14-1)*24+1+P$8*2)+$C14*INDEX(Curve!$G$1:$G$100,4+$B14*24+1+P$8*2)) -> 0.40433249 | Q14: =$F14*MAX(0.001,(1-$C14)*INDEX(Curve!$G$1:$G$100,4+($B14-1)*24+1+Q$8*2)+$C14*INDEX(Curve!$G$1:$G$100,4+$B14*24+1+Q$8*2)) -> 0.38617711 | R14: =$F14*MAX(0.001,(1-$C14)*INDEX(Curve!$G$1:$G$100,4+($B14-1)*24+1+R$8*2)+$C14*INDEX(Curve!$G$1:$G$100,4+$B14*24+1+R$8*2)) -> 0.35967044 | S14: =$F14*MAX(0.001,(1-$C14)*INDEX(Curve!$G$1:$G$100,4+($B14-1)*24+1+S$8*2)+$C14*INDEX(Curve!$G$1:$G$100,4+$B14*24+1+S$8*2)) -> 0.33422679 | ... AD14: =$F14*MAX(0.001,(1-$C14)*INDEX(Curve!$G$1:$G$100,4+($B14-1)*24+1+AD$8*2)+$C14*INDEX(Curve!$G$1:$G$100,4+$B14*24+1+AD$8*2)) -> 0.089140891 | AE14: {=SUMPRODUCT(MAX(ISNUMBER(L14:AC14)*ISNUMBER(M14:AD14)*(L14:AC14>=$B$5)*(M14:AD14<$B$5)*(COLUMN(L14:AC14)-COLUMN(L14)+1)))} -> 11 | AF14: =IF(OR(AE14="",AE14=0),"",INDEX(L$8:AD$8,AE14)) -> 5.5 | AG14: =IF(AF14="","",INDEX(L$8:AD$8,AE14+1)) -> 6 | AH14: =IF(AF14="","",INDEX(L14:AD14,AE14)) -> 0.26356701 | AI14: =IF(AF14="","",INDEX(L14:AD14,AE14+1)) -> 0.24287404 | AJ14: =IFERROR(MATCH($B$6,L$8:AD$8,1),"") -> 16
A15: 1100 | B15: =IFERROR(MIN(MATCH(A15,Parametri!$A$17:$A$19,1),2),1) -> 2 | C15: =(A15-INDEX(Parametri!$A$17:$A$19,B15))/(INDEX(Parametri!$A$17:$A$19,B15+1)-INDEX(Parametri!$A$17:$A$19,B15)) -> 0.2 | D15: =(1-C15)*INDEX(Riepilogo!$C$5:$C$7,B15)+C15*INDEX(Riepilogo!$C$5:$C$7,B15+1) -> 0.52199972 | E15: =A15/1000*Parametri!$B$4*D15 -> 0.022967988 | F15: =$B$4/3600/E15 -> 1.8141192 | G15: =$B$5/F15 -> 0.13780793 | H15: =(1-C15)*INDEX(Riepilogo!$F$5:$F$7,B15)+C15*INDEX(Riepilogo!$F$5:$F$7,B15+1) -> 0.151 | I15: =IF(AF15="",IF(ISNUMBER(L15),IF(L15<$B$5,"< 0,5","n.d."),"n.d."),EXP(LN(AF15)+(LN($B$5)-LN(AH15))*(LN(AG15)-LN(AF15))/(LN(AI15)-LN(AH15)))) -> 5.2425682 | J15: =IF(AJ15="","",IFERROR(EXP(LN(INDEX(L15:AD15,AJ15))+(LN($B$6)-LN(INDEX(L$8:AD$8,AJ15)))*(LN(INDEX(L15:AD15,AJ15+1))-LN(INDEX(L15:AD15,AJ15)))/(LN(INDEX(L$8:AD$8,AJ15+1))-LN(INDEX(L$8:AD$8,AJ15)))),"")) -> 0.15884459 | K15: =IF(OR(A15<MIN(Parametri!$A$17:$A$19),A15>MAX(Parametri!$A$17:$A$19)),"L fuori 500–1500 mm: estrapolazione",IF(OR($B$4<MAX(INDEX(Riepilogo!$H$5:$H$7,B15),INDEX(Riepilogo!$H$5:$H$7,B15+1))*0.99,$B$4>MIN(INDEX(Riepilogo!$I$5:$I$7,B15),INDEX(Riepilogo!$I$5:$I$7,B15+1))*1.01),"Q fuori dal campo simulato (estrapolazione)",IF(NOT(ISNUMBER(I15)),"vₜ non raggiunta / < 0,5 m",IF(G15>H15,"vₜ nel plateau/transizione: L poco significativo",IF(I15>Parametri!$B$7,"Oltre x max: troncato dal pavimento","OK"))))) -> OK | L15: =$F15*MAX(0.001,(1-$C15)*INDEX(Curve!$G$1:$G$100,4+($B15-1)*24+1+L$8*2)+$C15*INDEX(Curve!$G$1:$G$100,4+$B15*24+1+L$8*2)) -> 0.43572187 | M15: =$F15*MAX(0.001,(1-$C15)*INDEX(Curve!$G$1:$G$100,4+($B15-1)*24+1+M$8*2)+$C15*INDEX(Curve!$G$1:$G$100,4+$B15*24+1+M$8*2)) -> 0.38262126 | N15: =$F15*MAX(0.001,(1-$C15)*INDEX(Curve!$G$1:$G$100,4+($B15-1)*24+1+N$8*2)+$C15*INDEX(Curve!$G$1:$G$100,4+$B15*24+1+N$8*2)) -> 0.37516641 | O15: =$F15*MAX(0.001,(1-$C15)*INDEX(Curve!$G$1:$G$100,4+($B15-1)*24+1+O$8*2)+$C15*INDEX(Curve!$G$1:$G$100,4+$B15*24+1+O$8*2)) -> 0.36725361 | P15: =$F15*MAX(0.001,(1-$C15)*INDEX(Curve!$G$1:$G$100,4+($B15-1)*24+1+P$8*2)+$C15*INDEX(Curve!$G$1:$G$100,4+$B15*24+1+P$8*2)) -> 0.35584002 | Q15: =$F15*MAX(0.001,(1-$C15)*INDEX(Curve!$G$1:$G$100,4+($B15-1)*24+1+Q$8*2)+$C15*INDEX(Curve!$G$1:$G$100,4+$B15*24+1+Q$8*2)) -> 0.3412833 | R15: =$F15*MAX(0.001,(1-$C15)*INDEX(Curve!$G$1:$G$100,4+($B15-1)*24+1+R$8*2)+$C15*INDEX(Curve!$G$1:$G$100,4+$B15*24+1+R$8*2)) -> 0.32032118 | S15: =$F15*MAX(0.001,(1-$C15)*INDEX(Curve!$G$1:$G$100,4+($B15-1)*24+1+S$8*2)+$C15*INDEX(Curve!$G$1:$G$100,4+$B15*24+1+S$8*2)) -> 0.29907668 | ... AD15: =$F15*MAX(0.001,(1-$C15)*INDEX(Curve!$G$1:$G$100,4+($B15-1)*24+1+AD$8*2)+$C15*INDEX(Curve!$G$1:$G$100,4+$B15*24+1+AD$8*2)) -> 0.083223416 | AE15: {=SUMPRODUCT(MAX(ISNUMBER(L15:AC15)*ISNUMBER(M15:AD15)*(L15:AC15>=$B$5)*(M15:AD15<$B$5)*(COLUMN(L15:AC15)-COLUMN(L15)+1)))} -> 10 | AF15: =IF(OR(AE15="",AE15=0),"",INDEX(L$8:AD$8,AE15)) -> 5 | AG15: =IF(AF15="","",INDEX(L$8:AD$8,AE15+1)) -> 5.5 | AH15: =IF(AF15="","",INDEX(L15:AD15,AE15)) -> 0.26103122 | AI15: =IF(AF15="","",INDEX(L15:AD15,AE15+1)) -> 0.23931213 | AJ15: =IFERROR(MATCH($B$6,L$8:AD$8,1),"") -> 16
A16: 1200 | B16: =IFERROR(MIN(MATCH(A16,Parametri!$A$17:$A$19,1),2),1) -> 2 | C16: =(A16-INDEX(Parametri!$A$17:$A$19,B16))/(INDEX(Parametri!$A$17:$A$19,B16+1)-INDEX(Parametri!$A$17:$A$19,B16)) -> 0.4 | D16: =(1-C16)*INDEX(Riepilogo!$C$5:$C$7,B16)+C16*INDEX(Riepilogo!$C$5:$C$7,B16+1) -> 0.51240816 | E16: =A16/1000*Parametri!$B$4*D16 -> 0.024595592 | F16: =$B$4/3600/E16 -> 1.6940705 | G16: =$B$5/F16 -> 0.14757355 | H16: =(1-C16)*INDEX(Riepilogo!$F$5:$F$7,B16)+C16*INDEX(Riepilogo!$F$5:$F$7,B16+1) -> 0.152 | I16: =IF(AF16="",IF(ISNUMBER(L16),IF(L16<$B$5,"< 0,5","n.d."),"n.d."),EXP(LN(AF16)+(LN($B$5)-LN(AH16))*(LN(AG16)-LN(AF16))/(LN(AI16)-LN(AH16)))) -> 4.622343 | J16: =IF(AJ16="","",IFERROR(EXP(LN(INDEX(L16:AD16,AJ16))+(LN($B$6)-LN(INDEX(L$8:AD$8,AJ16)))*(LN(INDEX(L16:AD16,AJ16+1))-LN(INDEX(L16:AD16,AJ16)))/(LN(INDEX(L$8:AD$8,AJ16+1))-LN(INDEX(L$8:AD$8,AJ16)))),"")) -> 0.14735742 | K16: =IF(OR(A16<MIN(Parametri!$A$17:$A$19),A16>MAX(Parametri!$A$17:$A$19)),"L fuori 500–1500 mm: estrapolazione",IF(OR($B$4<MAX(INDEX(Riepilogo!$H$5:$H$7,B16),INDEX(Riepilogo!$H$5:$H$7,B16+1))*0.99,$B$4>MIN(INDEX(Riepilogo!$I$5:$I$7,B16),INDEX(Riepilogo!$I$5:$I$7,B16+1))*1.01),"Q fuori dal campo simulato (estrapolazione)",IF(NOT(ISNUMBER(I16)),"vₜ non raggiunta / < 0,5 m",IF(G16>H16,"vₜ nel plateau/transizione: L poco significativo",IF(I16>Parametri!$B$7,"Oltre x max: troncato dal pavimento","OK"))))) -> OK | L16: =$F16*MAX(0.001,(1-$C16)*INDEX(Curve!$G$1:$G$100,4+($B16-1)*24+1+L$8*2)+$C16*INDEX(Curve!$G$1:$G$100,4+$B16*24+1+L$8*2)) -> 0.44174693 | M16: =$F16*MAX(0.001,(1-$C16)*INDEX(Curve!$G$1:$G$100,4+($B16-1)*24+1+M$8*2)+$C16*INDEX(Curve!$G$1:$G$100,4+$B16*24+1+M$8*2)) -> 0.34911133 | N16: =$F16*MAX(0.001,(1-$C16)*INDEX(Curve!$G$1:$G$100,4+($B16-1)*24+1+N$8*2)+$C16*INDEX(Curve!$G$1:$G$100,4+$B16*24+1+N$8*2)) -> 0.33426315 | O16: =$F16*MAX(0.001,(1-$C16)*INDEX(Curve!$G$1:$G$100,4+($B16-1)*24+1+O$8*2)+$C16*INDEX(Curve!$G$1:$G$100,4+$B16*24+1+O$8*2)) -> 0.32472977 | P16: =$F16*MAX(0.001,(1-$C16)*INDEX(Curve!$G$1:$G$100,4+($B16-1)*24+1+P$8*2)+$C16*INDEX(Curve!$G$1:$G$100,4+$B16*24+1+P$8*2)) -> 0.31502691 | Q16: =$F16*MAX(0.001,(1-$C16)*INDEX(Curve!$G$1:$G$100,4+($B16-1)*24+1+Q$8*2)+$C16*INDEX(Curve!$G$1:$G$100,4+$B16*24+1+Q$8*2)) -> 0.30353593 | R16: =$F16*MAX(0.001,(1-$C16)*INDEX(Curve!$G$1:$G$100,4+($B16-1)*24+1+R$8*2)+$C16*INDEX(Curve!$G$1:$G$100,4+$B16*24+1+R$8*2)) -> 0.28730184 | S16: =$F16*MAX(0.001,(1-$C16)*INDEX(Curve!$G$1:$G$100,4+($B16-1)*24+1+S$8*2)+$C16*INDEX(Curve!$G$1:$G$100,4+$B16*24+1+S$8*2)) -> 0.26962138 | ... AD16: =$F16*MAX(0.001,(1-$C16)*INDEX(Curve!$G$1:$G$100,4+($B16-1)*24+1+AD$8*2)+$C16*INDEX(Curve!$G$1:$G$100,4+$B16*24+1+AD$8*2)) -> 0.078367214 | AE16: {=SUMPRODUCT(MAX(ISNUMBER(L16:AC16)*ISNUMBER(M16:AD16)*(L16:AC16>=$B$5)*(M16:AD16<$B$5)*(COLUMN(L16:AC16)-COLUMN(L16)+1)))} -> 9 | AF16: =IF(OR(AE16="",AE16=0),"",INDEX(L$8:AD$8,AE16)) -> 4.5 | AG16: =IF(AF16="","",INDEX(L$8:AD$8,AE16+1)) -> 5 | AH16: =IF(AF16="","",INDEX(L16:AD16,AE16)) -> 0.25412547 | AI16: =IF(AF16="","",INDEX(L16:AD16,AE16+1)) -> 0.23830256 | AJ16: =IFERROR(MATCH($B$6,L$8:AD$8,1),"") -> 16
A17: 1300 | B17: =IFERROR(MIN(MATCH(A17,Parametri!$A$17:$A$19,1),2),1) -> 2 | C17: =(A17-INDEX(Parametri!$A$17:$A$19,B17))/(INDEX(Parametri!$A$17:$A$19,B17+1)-INDEX(Parametri!$A$17:$A$19,B17)) -> 0.6 | D17: =(1-C17)*INDEX(Riepilogo!$C$5:$C$7,B17)+C17*INDEX(Riepilogo!$C$5:$C$7,B17+1) -> 0.50281661 | E17: =A17/1000*Parametri!$B$4*D17 -> 0.026146464 | F17: =$B$4/3600/E17 -> 1.5935871 | G17: =$B$5/F17 -> 0.15687878 | H17: =(1-C17)*INDEX(Riepilogo!$F$5:$F$7,B17)+C17*INDEX(Riepilogo!$F$5:$F$7,B17+1) -> 0.153 | I17: =IF(AF17="",IF(ISNUMBER(L17),IF(L17<$B$5,"< 0,5","n.d."),"n.d."),EXP(LN(AF17)+(LN($B$5)-LN(AH17))*(LN(AG17)-LN(AF17))/(LN(AI17)-LN(AH17)))) -> 3.8016451 | J17: =IF(AJ17="","",IFERROR(EXP(LN(INDEX(L17:AD17,AJ17))+(LN($B$6)-LN(INDEX(L$8:AD$8,AJ17)))*(LN(INDEX(L17:AD17,AJ17+1))-LN(INDEX(L17:AD17,AJ17)))/(LN(INDEX(L$8:AD$8,AJ17+1))-LN(INDEX(L$8:AD$8,AJ17)))),"")) -> 0.13769914 | K17: =IF(OR(A17<MIN(Parametri!$A$17:$A$19),A17>MAX(Parametri!$A$17:$A$19)),"L fuori 500–1500 mm: estrapolazione",IF(OR($B$4<MAX(INDEX(Riepilogo!$H$5:$H$7,B17),INDEX(Riepilogo!$H$5:$H$7,B17+1))*0.99,$B$4>MIN(INDEX(Riepilogo!$I$5:$I$7,B17),INDEX(Riepilogo!$I$5:$I$7,B17+1))*1.01),"Q fuori dal campo simulato (estrapolazione)",IF(NOT(ISNUMBER(I17)),"vₜ non raggiunta / < 0,5 m",IF(G17>H17,"vₜ nel plateau/transizione: L poco significativo",IF(I17>Parametri!$B$7,"Oltre x max: troncato dal pavimento","OK"))))) -> vₜ nel plateau/transizione: L poco significativo | L17: =$F17*MAX(0.001,(1-$C17)*INDEX(Curve!$G$1:$G$100,4+($B17-1)*24+1+L$8*2)+$C17*INDEX(Curve!$G$1:$G$100,4+$B17*24+1+L$8*2)) -> 0.44833596 | M17: =$F17*MAX(0.001,(1-$C17)*INDEX(Curve!$G$1:$G$100,4+($B17-1)*24+1+M$8*2)+$C17*INDEX(Curve!$G$1:$G$100,4+$B17*24+1+M$8*2)) -> 0.32069956 | N17: =$F17*MAX(0.001,(1-$C17)*INDEX(Curve!$G$1:$G$100,4+($B17-1)*24+1+N$8*2)+$C17*INDEX(Curve!$G$1:$G$100,4+$B17*24+1+N$8*2)) -> 0.29931324 | O17: =$F17*MAX(0.001,(1-$C17)*INDEX(Curve!$G$1:$G$100,4+($B17-1)*24+1+O$8*2)+$C17*INDEX(Curve!$G$1:$G$100,4+$B17*24+1+O$8*2)) -> 0.28832829 | P17: =$F17*MAX(0.001,(1-$C17)*INDEX(Curve!$G$1:$G$100,4+($B17-1)*24+1+P$8*2)+$C17*INDEX(Curve!$G$1:$G$100,4+$B17*24+1+P$8*2)) -> 0.28009973 | Q17: =$F17*MAX(0.001,(1-$C17)*INDEX(Curve!$G$1:$G$100,4+($B17-1)*24+1+Q$8*2)+$C17*INDEX(Curve!$G$1:$G$100,4+$B17*24+1+Q$8*2)) -> 0.27126809 | R17: =$F17*MAX(0.001,(1-$C17)*INDEX(Curve!$G$1:$G$100,4+($B17-1)*24+1+R$8*2)+$C17*INDEX(Curve!$G$1:$G$100,4+$B17*24+1+R$8*2)) -> 0.25913963 | S17: =$F17*MAX(0.001,(1-$C17)*INDEX(Curve!$G$1:$G$100,4+($B17-1)*24+1+S$8*2)+$C17*INDEX(Curve!$G$1:$G$100,4+$B17*24+1+S$8*2)) -> 0.24453804 | ... AD17: =$F17*MAX(0.001,(1-$C17)*INDEX(Curve!$G$1:$G$100,4+($B17-1)*24+1+AD$8*2)+$C17*INDEX(Curve!$G$1:$G$100,4+$B17*24+1+AD$8*2)) -> 0.074331338 | AE17: {=SUMPRODUCT(MAX(ISNUMBER(L17:AC17)*ISNUMBER(M17:AD17)*(L17:AC17>=$B$5)*(M17:AD17<$B$5)*(COLUMN(L17:AC17)-COLUMN(L17)+1)))} -> 7 | AF17: =IF(OR(AE17="",AE17=0),"",INDEX(L$8:AD$8,AE17)) -> 3.5 | AG17: =IF(AF17="","",INDEX(L$8:AD$8,AE17+1)) -> 4 | AH17: =IF(AF17="","",INDEX(L17:AD17,AE17)) -> 0.25913963 | AI17: =IF(AF17="","",INDEX(L17:AD17,AE17+1)) -> 0.24453804 | AJ17: =IFERROR(MATCH($B$6,L$8:AD$8,1),"") -> 16
A18: 1400 | B18: =IFERROR(MIN(MATCH(A18,Parametri!$A$17:$A$19,1),2),1) -> 2 | C18: =(A18-INDEX(Parametri!$A$17:$A$19,B18))/(INDEX(Parametri!$A$17:$A$19,B18+1)-INDEX(Parametri!$A$17:$A$19,B18)) -> 0.8 | D18: =(1-C18)*INDEX(Riepilogo!$C$5:$C$7,B18)+C18*INDEX(Riepilogo!$C$5:$C$7,B18+1) -> 0.49322506 | E18: =A18/1000*Parametri!$B$4*D18 -> 0.027620603 | F18: =$B$4/3600/E18 -> 1.5085357 | G18: =$B$5/F18 -> 0.16572362 | H18: =(1-C18)*INDEX(Riepilogo!$F$5:$F$7,B18)+C18*INDEX(Riepilogo!$F$5:$F$7,B18+1) -> 0.154 | I18: =IF(AF18="",IF(ISNUMBER(L18),IF(L18<$B$5,"< 0,5","n.d."),"n.d."),EXP(LN(AF18)+(LN($B$5)-LN(AH18))*(LN(AG18)-LN(AF18))/(LN(AI18)-LN(AH18)))) -> 2.4818102 | J18: =IF(AJ18="","",IFERROR(EXP(LN(INDEX(L18:AD18,AJ18))+(LN($B$6)-LN(INDEX(L$8:AD$8,AJ18)))*(LN(INDEX(L18:AD18,AJ18+1))-LN(INDEX(L18:AD18,AJ18)))/(LN(INDEX(L$8:AD$8,AJ18+1))-LN(INDEX(L$8:AD$8,AJ18)))),"")) -> 0.12948116 | K18: =IF(OR(A18<MIN(Parametri!$A$17:$A$19),A18>MAX(Parametri!$A$17:$A$19)),"L fuori 500–1500 mm: estrapolazione",IF(OR($B$4<MAX(INDEX(Riepilogo!$H$5:$H$7,B18),INDEX(Riepilogo!$H$5:$H$7,B18+1))*0.99,$B$4>MIN(INDEX(Riepilogo!$I$5:$I$7,B18),INDEX(Riepilogo!$I$5:$I$7,B18+1))*1.01),"Q fuori dal campo simulato (estrapolazione)",IF(NOT(ISNUMBER(I18)),"vₜ non raggiunta / < 0,5 m",IF(G18>H18,"vₜ nel plateau/transizione: L poco significativo",IF(I18>Parametri!$B$7,"Oltre x max: troncato dal pavimento","OK"))))) -> vₜ nel plateau/transizione: L poco significativo | L18: =$F18*MAX(0.001,(1-$C18)*INDEX(Curve!$G$1:$G$100,4+($B18-1)*24+1+L$8*2)+$C18*INDEX(Curve!$G$1:$G$100,4+$B18*24+1+L$8*2)) -> 0.45544887 | M18: =$F18*MAX(0.001,(1-$C18)*INDEX(Curve!$G$1:$G$100,4+($B18-1)*24+1+M$8*2)+$C18*INDEX(Curve!$G$1:$G$100,4+$B18*24+1+M$8*2)) -> 0.29629037 | N18: =$F18*MAX(0.001,(1-$C18)*INDEX(Curve!$G$1:$G$100,4+($B18-1)*24+1+N$8*2)+$C18*INDEX(Curve!$G$1:$G$100,4+$B18*24+1+N$8*2)) -> 0.26902257 | O18: =$F18*MAX(0.001,(1-$C18)*INDEX(Curve!$G$1:$G$100,4+($B18-1)*24+1+O$8*2)+$C18*INDEX(Curve!$G$1:$G$100,4+$B18*24+1+O$8*2)) -> 0.25671451 | P18: =$F18*MAX(0.001,(1-$C18)*INDEX(Curve!$G$1:$G$100,4+($B18-1)*24+1+P$8*2)+$C18*INDEX(Curve!$G$1:$G$100,4+$B18*24+1+P$8*2)) -> 0.24977593 | Q18: =$F18*MAX(0.001,(1-$C18)*INDEX(Curve!$G$1:$G$100,4+($B18-1)*24+1+Q$8*2)+$C18*INDEX(Curve!$G$1:$G$100,4+$B18*24+1+Q$8*2)) -> 0.24328783 | R18: =$F18*MAX(0.001,(1-$C18)*INDEX(Curve!$G$1:$G$100,4+($B18-1)*24+1+R$8*2)+$C18*INDEX(Curve!$G$1:$G$100,4+$B18*24+1+R$8*2)) -> 0.23478166 | S18: =$F18*MAX(0.001,(1-$C18)*INDEX(Curve!$G$1:$G$100,4+($B18-1)*24+1+S$8*2)+$C18*INDEX(Curve!$G$1:$G$100,4+$B18*24+1+S$8*2)) -> 0.22288119 | ... AD18: =$F18*MAX(0.001,(1-$C18)*INDEX(Curve!$G$1:$G$100,4+($B18-1)*24+1+AD$8*2)+$C18*INDEX(Curve!$G$1:$G$100,4+$B18*24+1+AD$8*2)) -> 0.07094397 | AE18: {=SUMPRODUCT(MAX(ISNUMBER(L18:AC18)*ISNUMBER(M18:AD18)*(L18:AC18>=$B$5)*(M18:AD18<$B$5)*(COLUMN(L18:AC18)-COLUMN(L18)+1)))} -> 4 | AF18: =IF(OR(AE18="",AE18=0),"",INDEX(L$8:AD$8,AE18)) -> 2 | AG18: =IF(AF18="","",INDEX(L$8:AD$8,AE18+1)) -> 2.5 | AH18: =IF(AF18="","",INDEX(L18:AD18,AE18)) -> 0.25671451 | AI18: =IF(AF18="","",INDEX(L18:AD18,AE18+1)) -> 0.24977593 | AJ18: =IFERROR(MATCH($B$6,L$8:AD$8,1),"") -> 16
A19: 1500 | B19: =IFERROR(MIN(MATCH(A19,Parametri!$A$17:$A$19,1),2),1) -> 2 | C19: =(A19-INDEX(Parametri!$A$17:$A$19,B19))/(INDEX(Parametri!$A$17:$A$19,B19+1)-INDEX(Parametri!$A$17:$A$19,B19)) -> 1 | D19: =(1-C19)*INDEX(Riepilogo!$C$5:$C$7,B19)+C19*INDEX(Riepilogo!$C$5:$C$7,B19+1) -> 0.48363351 | E19: =A19/1000*Parametri!$B$4*D19 -> 0.02901801 | F19: =$B$4/3600/E19 -> 1.4358899 | G19: =$B$5/F19 -> 0.17410806 | H19: =(1-C19)*INDEX(Riepilogo!$F$5:$F$7,B19)+C19*INDEX(Riepilogo!$F$5:$F$7,B19+1) -> 0.155 | I19: =IF(AF19="",IF(ISNUMBER(L19),IF(L19<$B$5,"< 0,5","n.d."),"n.d."),EXP(LN(AF19)+(LN($B$5)-LN(AH19))*(LN(AG19)-LN(AF19))/(LN(AI19)-LN(AH19)))) -> 1.3592057 | J19: =IF(AJ19="","",IFERROR(EXP(LN(INDEX(L19:AD19,AJ19))+(LN($B$6)-LN(INDEX(L$8:AD$8,AJ19)))*(LN(INDEX(L19:AD19,AJ19+1))-LN(INDEX(L19:AD19,AJ19)))/(LN(INDEX(L$8:AD$8,AJ19+1))-LN(INDEX(L$8:AD$8,AJ19)))),"")) -> 0.12241881 | K19: =IF(OR(A19<MIN(Parametri!$A$17:$A$19),A19>MAX(Parametri!$A$17:$A$19)),"L fuori 500–1500 mm: estrapolazione",IF(OR($B$4<MAX(INDEX(Riepilogo!$H$5:$H$7,B19),INDEX(Riepilogo!$H$5:$H$7,B19+1))*0.99,$B$4>MIN(INDEX(Riepilogo!$I$5:$I$7,B19),INDEX(Riepilogo!$I$5:$I$7,B19+1))*1.01),"Q fuori dal campo simulato (estrapolazione)",IF(NOT(ISNUMBER(I19)),"vₜ non raggiunta / < 0,5 m",IF(G19>H19,"vₜ nel plateau/transizione: L poco significativo",IF(I19>Parametri!$B$7,"Oltre x max: troncato dal pavimento","OK"))))) -> vₜ nel plateau/transizione: L poco significativo | L19: =$F19*MAX(0.001,(1-$C19)*INDEX(Curve!$G$1:$G$100,4+($B19-1)*24+1+L$8*2)+$C19*INDEX(Curve!$G$1:$G$100,4+$B19*24+1+L$8*2)) -> 0.46306225 | M19: =$F19*MAX(0.001,(1-$C19)*INDEX(Curve!$G$1:$G$100,4+($B19-1)*24+1+M$8*2)+$C19*INDEX(Curve!$G$1:$G$100,4+$B19*24+1+M$8*2)) -> 0.27508014 | N19: =$F19*MAX(0.001,(1-$C19)*INDEX(Curve!$G$1:$G$100,4+($B19-1)*24+1+N$8*2)+$C19*INDEX(Curve!$G$1:$G$100,4+$B19*24+1+N$8*2)) -> 0.24244076 | O19: =$F19*MAX(0.001,(1-$C19)*INDEX(Curve!$G$1:$G$100,4+($B19-1)*24+1+O$8*2)+$C19*INDEX(Curve!$G$1:$G$100,4+$B19*24+1+O$8*2)) -> 0.22890798 | P19: =$F19*MAX(0.001,(1-$C19)*INDEX(Curve!$G$1:$G$100,4+($B19-1)*24+1+P$8*2)+$C19*INDEX(Curve!$G$1:$G$100,4+$B19*24+1+P$8*2)) -> 0.22311337 | Q19: =$F19*MAX(0.001,(1-$C19)*INDEX(Curve!$G$1:$G$100,4+($B19-1)*24+1+Q$8*2)+$C19*INDEX(Curve!$G$1:$G$100,4+$B19*24+1+Q$8*2)) -> 0.21871975 | R19: =$F19*MAX(0.001,(1-$C19)*INDEX(Curve!$G$1:$G$100,4+($B19-1)*24+1+R$8*2)+$C19*INDEX(Curve!$G$1:$G$100,4+$B19*24+1+R$8*2)) -> 0.21345493 | S19: =$F19*MAX(0.001,(1-$C19)*INDEX(Curve!$G$1:$G$100,4+($B19-1)*24+1+S$8*2)+$C19*INDEX(Curve!$G$1:$G$100,4+$B19*24+1+S$8*2)) -> 0.20395681 | ... AD19: =$F19*MAX(0.001,(1-$C19)*INDEX(Curve!$G$1:$G$100,4+($B19-1)*24+1+AD$8*2)+$C19*INDEX(Curve!$G$1:$G$100,4+$B19*24+1+AD$8*2)) -> 0.068079405 | AE19: {=SUMPRODUCT(MAX(ISNUMBER(L19:AC19)*ISNUMBER(M19:AD19)*(L19:AC19>=$B$5)*(M19:AD19<$B$5)*(COLUMN(L19:AC19)-COLUMN(L19)+1)))} -> 2 | AF19: =IF(OR(AE19="",AE19=0),"",INDEX(L$8:AD$8,AE19)) -> 1 | AG19: =IF(AF19="","",INDEX(L$8:AD$8,AE19+1)) -> 1.5 | AH19: =IF(AF19="","",INDEX(L19:AD19,AE19)) -> 0.27508014 | AI19: =IF(AF19="","",INDEX(L19:AD19,AE19+1)) -> 0.24244076 | AJ19: =IFERROR(MATCH($B$6,L$8:AD$8,1),"") -> 16
A21: Le lunghezze nella colonna A (celle blu) sono modificabili. Celle grigie = x oltre x max (influenza del pavimento). Valori fuori 500–1500 mm = estrapolazione, solo orientativi.

Sheet Catalogo_L_h
A1: Catalogo con lunghezza L e larghezza fessura h libere
A2: Stima per similarità del getto piano: a parità di L e Q, nel tratto sviluppato vₓ/v₀ scala con √(h/h₀), h₀ = 40 mm (fessura dei dati CFD). Per h = 40 mm coincide con Catalogo_L_libera.
A4: Lunghezza diffusore L [mm] | B4: 1000
A5: Larghezza fessura h [mm] | B5: 30
A6: Portata Q [m³/h] | B6: 150
A7: Velocità terminale vₜ [m/s] | B7: =Parametri!B10 -> 0.25
A8: Distanza zona occupata [m] | B8: =Catalogo!B11 -> 8.22
A9: h di riferimento dei dati CFD [mm] | B9: =Parametri!B4*1000 -> 40
A11: Interpolazione sulla lunghezza e scala sulla fessura
A12: Indice lunghezza inferiore | B12: =IFERROR(MIN(MATCH(B4,Parametri!$A$17:$A$19,1),2),1) -> 2
A13: Lunghezza CFD inferiore [mm] | B13: =INDEX(Parametri!$A$17:$A$19,B12) -> 1000
A14: Lunghezza CFD superiore [mm] | B14: =INDEX(Parametri!$A$17:$A$19,B12+1) -> 1500
A15: Peso w (0 = inferiore, 1 = superiore) | B15: =(B4-B13)/(B14-B13) -> 0
A16: Area geometrica [m²] | B16: =B4/1000*B5/1000 -> 0.03
A17: Coeff. di contrazione interpolato | B17: =(1-B15)*INDEX(Riepilogo!$C$5:$C$7,B12)+B15*INDEX(Riepilogo!$C$5:$C$7,B12+1) -> 0.53159127
A18: Area efficace A_eff [m²] | B18: =B16*B17 -> 0.015947738
A19: Fattore di scala s = √(h/h₀) | B19: =SQRT(B5/B9) -> 0.8660254
A20: Soglia vₜ/v₀ (interpolata e scalata) | B20: =B19*((1-B15)*INDEX(Riepilogo!$F$5:$F$7,B12)+B15*INDEX(Riepilogo!$F$5:$F$7,B12+1)) -> 0.12990381
A21: Q equivalente a h₀ (stesso v₀) [m³/h] | B21: =B6*B9/B5 -> 200
A22: Q minimo simulato [m³/h] | B22: =MAX(INDEX(Riepilogo!$H$5:$H$7,B12),INDEX(Riepilogo!$H$5:$H$7,B12+1)) -> 80
A23: Q massimo simulato [m³/h] | B23: =MIN(INDEX(Riepilogo!$I$5:$I$7,B12),INDEX(Riepilogo!$I$5:$I$7,B12+1)) -> 250
A24: Stato della stima | B24: =IF(OR(B4<MIN(Parametri!$A$17:$A$19),B4>MAX(Parametri!$A$17:$A$19)),"L fuori 500–1500 mm. ","")&IF(OR(B5<20,B5>60),"h fuori 20–60 mm. ","")&IF(B5=B9,"h = 40 mm: dati CFD diretti","Stima per similarità del getto piano: non validata da CFD") -> Stima per similarità del getto piano: non validata da CFD
A26: Risultato per Q = B6
A27: v₀ efficace [m/s] | B27: =B34 -> 2.6127007
A28: Lancio L a vₜ [m] | B28: =D34 -> 6.7449069
A29: vₓ in zona occupata [m/s] | B29: =E34 -> 0.19942253
A30: Esito | B30: =F34 -> OK (stima per similarità)
A32: Q [m³/h] | B32: v₀ eff. [m/s] | C32: vₜ/v₀ | D32: L a vₜ [m] | E32: vₓ zona occ. [m/s] | F32: Esito | G32: 0.5 | H32: 1 | I32: 1.5 | J32: 2 | K32: 2.5 | L32: 3 | M32: 3.5 | N32: 4 | O32: 4.5 | P32: 5 | Q32: 5.5 | R32: 6 | S32: 6.5 | T32: 7 | U32: 7.5 | V32: 8 | W32: 8.5 | X32: 9 | Y32: 9.5 | Z32: j* | AA32: x₁ | AB32: x₂ | AC32: v₁ | AD32: v₂ | AE32: idx occ
A33: f(x) curva interpolata e scalata → | G33: =$B$19*MAX(0.001,(1-$B$15)*INDEX(Curve!$G$1:$G$100,4+($B$12-1)*24+1+G$32*2)+$B$15*INDEX(Curve!$G$1:$G$100,4+$B$12*24+1+G$32*2)) -> 0.19018503 | H33: =$B$19*MAX(0.001,(1-$B$15)*INDEX(Curve!$G$1:$G$100,4+($B$12-1)*24+1+H$32*2)+$B$15*INDEX(Curve!$G$1:$G$100,4+$B$12*24+1+H$32*2)) -> 0.18684285 | I33: =$B$19*MAX(0.001,(1-$B$15)*INDEX(Curve!$G$1:$G$100,4+($B$12-1)*24+1+I$32*2)+$B$15*INDEX(Curve!$G$1:$G$100,4+$B$12*24+1+I$32*2)) -> 0.18731578 | J33: =$B$19*MAX(0.001,(1-$B$15)*INDEX(Curve!$G$1:$G$100,4+($B$12-1)*24+1+J$32*2)+$B$15*INDEX(Curve!$G$1:$G$100,4+$B$12*24+1+J$32*2)) -> 0.18463451 | K33: =$B$19*MAX(0.001,(1-$B$15)*INDEX(Curve!$G$1:$G$100,4+($B$12-1)*24+1+K$32*2)+$B$15*INDEX(Curve!$G$1:$G$100,4+$B$12*24+1+K$32*2)) -> 0.17869744 | L33: =$B$19*MAX(0.001,(1-$B$15)*INDEX(Curve!$G$1:$G$100,4+($B$12-1)*24+1+L$32*2)+$B$15*INDEX(Curve!$G$1:$G$100,4+$B$12*24+1+L$32*2)) -> 0.17067355 | M33: =$B$19*MAX(0.001,(1-$B$15)*INDEX(Curve!$G$1:$G$100,4+($B$12-1)*24+1+M$32*2)+$B$15*INDEX(Curve!$G$1:$G$100,4+$B$12*24+1+M$32*2)) -> 0.15895875 | N33: =$B$19*MAX(0.001,(1-$B$15)*INDEX(Curve!$G$1:$G$100,4+($B$12-1)*24+1+N$32*2)+$B$15*INDEX(Curve!$G$1:$G$100,4+$B$12*24+1+N$32*2)) -> 0.14771376 | ... Y33: =$B$19*MAX(0.001,(1-$B$15)*INDEX(Curve!$G$1:$G$100,4+($B$12-1)*24+1+Y$32*2)+$B$15*INDEX(Curve!$G$1:$G$100,4+$B$12*24+1+Y$32*2)) -> 0.039396412
A34: =B6 -> 150 | B34: =IF(OR(A34="",NOT(ISNUMBER($B$18))),"",A34/3600/$B$18) -> 2.6127007 | C34: =IF(B34="","",$B$7/B34) -> 0.095686428 | D34: =IF(B34="","",IF(AA34="",IF(ISNUMBER(G34),IF(G34<$B$7,"< 0,5","n.d."),"n.d."),EXP(LN(AA34)+(LN($B$7)-LN(AC34))*(LN(AB34)-LN(AA34))/(LN(AD34)-LN(AC34))))) -> 6.7449069 | E34: =IF(OR(B34="",AE34=""),"",IFERROR(EXP(LN(INDEX(G34:Y34,AE34))+(LN($B$8)-LN(INDEX(G$32:Y$32,AE34)))*(LN(INDEX(G34:Y34,AE34+1))-LN(INDEX(G34:Y34,AE34)))/(LN(INDEX(G$32:Y$32,AE34+1))-LN(INDEX(G$32:Y$32,AE34)))),"")) -> 0.19942253 | F34: =IF(B34="","",IF(OR($B$4<MIN(Parametri!$A$17:$A$19),$B$4>MAX(Parametri!$A$17:$A$19),$B$5<20,$B$5>60),"L o h fuori campo: estrapolazione",IF(OR(A34*$B$9/$B$5<$B$22*0.99,A34*$B$9/$B$5>$B$23*1.01),"Q fuori dal campo simulato (estrapolazione)",IF(NOT(ISNUMBER(D34)),"vₜ non raggiunta / < 0,5 m",IF(C34>$B$20,"vₜ nel plateau/transizione: L poco significativo",IF(D34>Parametri!$B$7,"Oltre x max: troncato dal pavimento",IF($B$5=$B$9,"OK","OK (stima per similarità)"))))))) -> OK (stima per similarità) | G34: =IF(OR($B34="",NOT(ISNUMBER(G$33))),"",G$33*$B34) -> 0.49689658 | H34: =IF(OR($B34="",NOT(ISNUMBER(H$33))),"",H$33*$B34) -> 0.48816445 | I34: =IF(OR($B34="",NOT(ISNUMBER(I$33))),"",I$33*$B34) -> 0.48940007 | J34: =IF(OR($B34="",NOT(ISNUMBER(J$33))),"",J$33*$B34) -> 0.48239471 | K34: =IF(OR($B34="",NOT(ISNUMBER(K$33))),"",K$33*$B34) -> 0.46688294 | L34: =IF(OR($B34="",NOT(ISNUMBER(L$33))),"",L$33*$B34) -> 0.44591891 | M34: =IF(OR($B34="",NOT(ISNUMBER(M$33))),"",M$33*$B34) -> 0.41531165 | N34: =IF(OR($B34="",NOT(ISNUMBER(N$33))),"",N$33*$B34) -> 0.38593185 | ... Y34: =IF(OR($B34="",NOT(ISNUMBER(Y$33))),"",Y$33*$B34) -> 0.10293103 | Z34: {=IF(B34="","",SUMPRODUCT(MAX(ISNUMBER(G34:X34)*ISNUMBER(H34:Y34)*(G34:X34>=$B$7)*(H34:Y34<$B$7)*(COLUMN(G34:X34)-COLUMN(G34)+1))))} -> 13 | AA34: =IF(OR(Z34="",Z34=0),"",INDEX(G$32:Y$32,Z34)) -> 6.5 | AB34: =IF(AA34="","",INDEX(G$32:Y$32,Z34+1)) -> 7 | AC34: =IF(AA34="","",INDEX(G34:Y34,Z34)) -> 0.25945249 | AD34: =IF(AA34="","",INDEX(G34:Y34,Z34+1)) -> 0.24085878 | AE34: =IF(B34="","",IFERROR(MATCH($B$8,$G$32:$Y$32,1),"")) -> 16
A35: 60 | B35: =IF(OR(A35="",NOT(ISNUMBER($B$18))),"",A35/3600/$B$18) -> 1.0450803 | C35: =IF(B35="","",$B$7/B35) -> 0.23921607 | D35: =IF(B35="","",IF(AA35="",IF(ISNUMBER(G35),IF(G35<$B$7,"< 0,5","n.d."),"n.d."),EXP(LN(AA35)+(LN($B$7)-LN(AC35))*(LN(AB35)-LN(AA35))/(LN(AD35)-LN(AC35))))) -> < 0,5 | E35: =IF(OR(B35="",AE35=""),"",IFERROR(EXP(LN(INDEX(G35:Y35,AE35))+(LN($B$8)-LN(INDEX(G$32:Y$32,AE35)))*(LN(INDEX(G35:Y35,AE35+1))-LN(INDEX(G35:Y35,AE35)))/(LN(INDEX(G$32:Y$32,AE35+1))-LN(INDEX(G$32:Y$32,AE35)))),"")) -> 0.07976901 | F35: =IF(B35="","",IF(OR($B$4<MIN(Parametri!$A$17:$A$19),$B$4>MAX(Parametri!$A$17:$A$19),$B$5<20,$B$5>60),"L o h fuori campo: estrapolazione",IF(OR(A35*$B$9/$B$5<$B$22*0.99,A35*$B$9/$B$5>$B$23*1.01),"Q fuori dal campo simulato (estrapolazione)",IF(NOT(ISNUMBER(D35)),"vₜ non raggiunta / < 0,5 m",IF(C35>$B$20,"vₜ nel plateau/transizione: L poco significativo",IF(D35>Parametri!$B$7,"Oltre x max: troncato dal pavimento",IF($B$5=$B$9,"OK","OK (stima per similarità)"))))))) -> vₜ non raggiunta / < 0,5 m | G35: =IF(OR($B35="",NOT(ISNUMBER(G$33))),"",G$33*$B35) -> 0.19875863 | H35: =IF(OR($B35="",NOT(ISNUMBER(H$33))),"",H$33*$B35) -> 0.19526578 | I35: =IF(OR($B35="",NOT(ISNUMBER(I$33))),"",I$33*$B35) -> 0.19576003 | J35: =IF(OR($B35="",NOT(ISNUMBER(J$33))),"",J$33*$B35) -> 0.19295788 | K35: =IF(OR($B35="",NOT(ISNUMBER(K$33))),"",K$33*$B35) -> 0.18675318 | L35: =IF(OR($B35="",NOT(ISNUMBER(L$33))),"",L$33*$B35) -> 0.17836757 | M35: =IF(OR($B35="",NOT(ISNUMBER(M$33))),"",M$33*$B35) -> 0.16612466 | N35: =IF(OR($B35="",NOT(ISNUMBER(N$33))),"",N$33*$B35) -> 0.15437274 | ... Y35: =IF(OR($B35="",NOT(ISNUMBER(Y$33))),"",Y$33*$B35) -> 0.041172414 | Z35: {=IF(B35="","",SUMPRODUCT(MAX(ISNUMBER(G35:X35)*ISNUMBER(H35:Y35)*(G35:X35>=$B$7)*(H35:Y35<$B$7)*(COLUMN(G35:X35)-COLUMN(G35)+1))))} -> 0 | AA35: =IF(OR(Z35="",Z35=0),"",INDEX(G$32:Y$32,Z35)) | AB35: =IF(AA35="","",INDEX(G$32:Y$32,Z35+1)) | AC35: =IF(AA35="","",INDEX(G35:Y35,Z35)) | AD35: =IF(AA35="","",INDEX(G35:Y35,Z35+1)) | AE35: =IF(B35="","",IFERROR(MATCH($B$8,$G$32:$Y$32,1),"")) -> 16
A36: 80 | B36: =IF(OR(A36="",NOT(ISNUMBER($B$18))),"",A36/3600/$B$18) -> 1.3934404 | C36: =IF(B36="","",$B$7/B36) -> 0.17941205 | D36: =IF(B36="","",IF(AA36="",IF(ISNUMBER(G36),IF(G36<$B$7,"< 0,5","n.d."),"n.d."),EXP(LN(AA36)+(LN($B$7)-LN(AC36))*(LN(AB36)-LN(AA36))/(LN(AD36)-LN(AC36))))) -> 2.4328003 | E36: =IF(OR(B36="",AE36=""),"",IFERROR(EXP(LN(INDEX(G36:Y36,AE36))+(LN($B$8)-LN(INDEX(G$32:Y$32,AE36)))*(LN(INDEX(G36:Y36,AE36+1))-LN(INDEX(G36:Y36,AE36)))/(LN(INDEX(G$32:Y$32,AE36+1))-LN(INDEX(G$32:Y$32,AE36)))),"")) -> 0.10635868 | F36: =IF(B36="","",IF(OR($B$4<MIN(Parametri!$A$17:$A$19),$B$4>MAX(Parametri!$A$17:$A$19),$B$5<20,$B$5>60),"L o h fuori campo: estrapolazione",IF(OR(A36*$B$9/$B$5<$B$22*0.99,A36*$B$9/$B$5>$B$23*1.01),"Q fuori dal campo simulato (estrapolazione)",IF(NOT(ISNUMBER(D36)),"vₜ non raggiunta / < 0,5 m",IF(C36>$B$20,"vₜ nel plateau/transizione: L poco significativo",IF(D36>Parametri!$B$7,"Oltre x max: troncato dal pavimento",IF($B$5=$B$9,"OK","OK (stima per similarità)"))))))) -> vₜ nel plateau/transizione: L poco significativo | G36: =IF(OR($B36="",NOT(ISNUMBER(G$33))),"",G$33*$B36) -> 0.26501151 | H36: =IF(OR($B36="",NOT(ISNUMBER(H$33))),"",H$33*$B36) -> 0.26035438 | I36: =IF(OR($B36="",NOT(ISNUMBER(I$33))),"",I$33*$B36) -> 0.26101337 | J36: =IF(OR($B36="",NOT(ISNUMBER(J$33))),"",J$33*$B36) -> 0.25727718 | K36: =IF(OR($B36="",NOT(ISNUMBER(K$33))),"",K$33*$B36) -> 0.24900424 | L36: =IF(OR($B36="",NOT(ISNUMBER(L$33))),"",L$33*$B36) -> 0.23782342 | M36: =IF(OR($B36="",NOT(ISNUMBER(M$33))),"",M$33*$B36) -> 0.22149955 | N36: =IF(OR($B36="",NOT(ISNUMBER(N$33))),"",N$33*$B36) -> 0.20583032 | ... Y36: =IF(OR($B36="",NOT(ISNUMBER(Y$33))),"",Y$33*$B36) -> 0.054896552 | Z36: {=IF(B36="","",SUMPRODUCT(MAX(ISNUMBER(G36:X36)*ISNUMBER(H36:Y36)*(G36:X36>=$B$7)*(H36:Y36<$B$7)*(COLUMN(G36:X36)-COLUMN(G36)+1))))} -> 4 | AA36: =IF(OR(Z36="",Z36=0),"",INDEX(G$32:Y$32,Z36)) -> 2 | AB36: =IF(AA36="","",INDEX(G$32:Y$32,Z36+1)) -> 2.5 | AC36: =IF(AA36="","",INDEX(G36:Y36,Z36)) -> 0.25727718 | AD36: =IF(AA36="","",INDEX(G36:Y36,Z36+1)) -> 0.24900424 | AE36: =IF(B36="","",IFERROR(MATCH($B$8,$G$32:$Y$32,1),"")) -> 16
A37: 100 | B37: =IF(OR(A37="",NOT(ISNUMBER($B$18))),"",A37/3600/$B$18) -> 1.7418005 | C37: =IF(B37="","",$B$7/B37) -> 0.14352964 | D37: =IF(B37="","",IF(AA37="",IF(ISNUMBER(G37),IF(G37<$B$7,"< 0,5","n.d."),"n.d."),EXP(LN(AA37)+(LN($B$7)-LN(AC37))*(LN(AB37)-LN(AA37))/(LN(AD37)-LN(AC37))))) -> 4.2007831 | E37: =IF(OR(B37="",AE37=""),"",IFERROR(EXP(LN(INDEX(G37:Y37,AE37))+(LN($B$8)-LN(INDEX(G$32:Y$32,AE37)))*(LN(INDEX(G37:Y37,AE37+1))-LN(INDEX(G37:Y37,AE37)))/(LN(INDEX(G$32:Y$32,AE37+1))-LN(INDEX(G$32:Y$32,AE37)))),"")) -> 0.13294835 | F37: =IF(B37="","",IF(OR($B$4<MIN(Parametri!$A$17:$A$19),$B$4>MAX(Parametri!$A$17:$A$19),$B$5<20,$B$5>60),"L o h fuori campo: estrapolazione",IF(OR(A37*$B$9/$B$5<$B$22*0.99,A37*$B$9/$B$5>$B$23*1.01),"Q fuori dal campo simulato (estrapolazione)",IF(NOT(ISNUMBER(D37)),"vₜ non raggiunta / < 0,5 m",IF(C37>$B$20,"vₜ nel plateau/transizione: L poco significativo",IF(D37>Parametri!$B$7,"Oltre x max: troncato dal pavimento",IF($B$5=$B$9,"OK","OK (stima per similarità)"))))))) -> vₜ nel plateau/transizione: L poco significativo | G37: =IF(OR($B37="",NOT(ISNUMBER(G$33))),"",G$33*$B37) -> 0.33126438 | H37: =IF(OR($B37="",NOT(ISNUMBER(H$33))),"",H$33*$B37) -> 0.32544297 | I37: =IF(OR($B37="",NOT(ISNUMBER(I$33))),"",I$33*$B37) -> 0.32626671 | J37: =IF(OR($B37="",NOT(ISNUMBER(J$33))),"",J$33*$B37) -> 0.32159647 | K37: =IF(OR($B37="",NOT(ISNUMBER(K$33))),"",K$33*$B37) -> 0.31125529 | L37: =IF(OR($B37="",NOT(ISNUMBER(L$33))),"",L$33*$B37) -> 0.29727928 | M37: =IF(OR($B37="",NOT(ISNUMBER(M$33))),"",M$33*$B37) -> 0.27687443 | N37: =IF(OR($B37="",NOT(ISNUMBER(N$33))),"",N$33*$B37) -> 0.2572879 | ... Y37: =IF(OR($B37="",NOT(ISNUMBER(Y$33))),"",Y$33*$B37) -> 0.06862069 | Z37: {=IF(B37="","",SUMPRODUCT(MAX(ISNUMBER(G37:X37)*ISNUMBER(H37:Y37)*(G37:X37>=$B$7)*(H37:Y37<$B$7)*(COLUMN(G37:X37)-COLUMN(G37)+1))))} -> 8 | AA37: =IF(OR(Z37="",Z37=0),"",INDEX(G$32:Y$32,Z37)) -> 4 | AB37: =IF(AA37="","",INDEX(G$32:Y$32,Z37+1)) -> 4.5 | AC37: =IF(AA37="","",INDEX(G37:Y37,Z37)) -> 0.2572879 | AD37: =IF(AA37="","",INDEX(G37:Y37,Z37+1)) -> 0.24010874 | AE37: =IF(B37="","",IFERROR(MATCH($B$8,$G$32:$Y$32,1),"")) -> 16
A38: 120 | B38: =IF(OR(A38="",NOT(ISNUMBER($B$18))),"",A38/3600/$B$18) -> 2.0901606 | C38: =IF(B38="","",$B$7/B38) -> 0.11960804 | D38: =IF(B38="","",IF(AA38="",IF(ISNUMBER(G38),IF(G38<$B$7,"< 0,5","n.d."),"n.d."),EXP(LN(AA38)+(LN($B$7)-LN(AC38))*(LN(AB38)-LN(AA38))/(LN(AD38)-LN(AC38))))) -> 5.3473218 | E38: =IF(OR(B38="",AE38=""),"",IFERROR(EXP(LN(INDEX(G38:Y38,AE38))+(LN($B$8)-LN(INDEX(G$32:Y$32,AE38)))*(LN(INDEX(G38:Y38,AE38+1))-LN(INDEX(G38:Y38,AE38)))/(LN(INDEX(G$32:Y$32,AE38+1))-LN(INDEX(G$32:Y$32,AE38)))),"")) -> 0.15953802 | F38: =IF(B38="","",IF(OR($B$4<MIN(Parametri!$A$17:$A$19),$B$4>MAX(Parametri!$A$17:$A$19),$B$5<20,$B$5>60),"L o h fuori campo: estrapolazione",IF(OR(A38*$B$9/$B$5<$B$22*0.99,A38*$B$9/$B$5>$B$23*1.01),"Q fuori dal campo simulato (estrapolazione)",IF(NOT(ISNUMBER(D38)),"vₜ non raggiunta / < 0,5 m",IF(C38>$B$20,"vₜ nel plateau/transizione: L poco significativo",IF(D38>Parametri!$B$7,"Oltre x max: troncato dal pavimento",IF($B$5=$B$9,"OK","OK (stima per similarità)"))))))) -> OK (stima per similarità) | G38: =IF(OR($B38="",NOT(ISNUMBER(G$33))),"",G$33*$B38) -> 0.39751726 | H38: =IF(OR($B38="",NOT(ISNUMBER(H$33))),"",H$33*$B38) -> 0.39053156 | I38: =IF(OR($B38="",NOT(ISNUMBER(I$33))),"",I$33*$B38) -> 0.39152006 | J38: =IF(OR($B38="",NOT(ISNUMBER(J$33))),"",J$33*$B38) -> 0.38591577 | K38: =IF(OR($B38="",NOT(ISNUMBER(K$33))),"",K$33*$B38) -> 0.37350635 | L38: =IF(OR($B38="",NOT(ISNUMBER(L$33))),"",L$33*$B38) -> 0.35673513 | M38: =IF(OR($B38="",NOT(ISNUMBER(M$33))),"",M$33*$B38) -> 0.33224932 | N38: =IF(OR($B38="",NOT(ISNUMBER(N$33))),"",N$33*$B38) -> 0.30874548 | ... Y38: =IF(OR($B38="",NOT(ISNUMBER(Y$33))),"",Y$33*$B38) -> 0.082344828 | Z38: {=IF(B38="","",SUMPRODUCT(MAX(ISNUMBER(G38:X38)*ISNUMBER(H38:Y38)*(G38:X38>=$B$7)*(H38:Y38<$B$7)*(COLUMN(G38:X38)-COLUMN(G38)+1))))} -> 10 | AA38: =IF(OR(Z38="",Z38=0),"",INDEX(G$32:Y$32,Z38)) -> 5 | AB38: =IF(AA38="","",INDEX(G$32:Y$32,Z38+1)) -> 5.5 | AC38: =IF(AA38="","",INDEX(G38:Y38,Z38)) -> 0.26628627 | AD38: =IF(AA38="","",INDEX(G38:Y38,Z38+1)) -> 0.24347277 | AE38: =IF(B38="","",IFERROR(MATCH($B$8,$G$32:$Y$32,1),"")) -> 16
A39: 150 | B39: =IF(OR(A39="",NOT(ISNUMBER($B$18))),"",A39/3600/$B$18) -> 2.6127007 | C39: =IF(B39="","",$B$7/B39) -> 0.095686428 | D39: =IF(B39="","",IF(AA39="",IF(ISNUMBER(G39),IF(G39<$B$7,"< 0,5","n.d."),"n.d."),EXP(LN(AA39)+(LN($B$7)-LN(AC39))*(LN(AB39)-LN(AA39))/(LN(AD39)-LN(AC39))))) -> 6.7449069 | E39: =IF(OR(B39="",AE39=""),"",IFERROR(EXP(LN(INDEX(G39:Y39,AE39))+(LN($B$8)-LN(INDEX(G$32:Y$32,AE39)))*(LN(INDEX(G39:Y39,AE39+1))-LN(INDEX(G39:Y39,AE39)))/(LN(INDEX(G$32:Y$32,AE39+1))-LN(INDEX(G$32:Y$32,AE39)))),"")) -> 0.19942253 | F39: =IF(B39="","",IF(OR($B$4<MIN(Parametri!$A$17:$A$19),$B$4>MAX(Parametri!$A$17:$A$19),$B$5<20,$B$5>60),"L o h fuori campo: estrapolazione",IF(OR(A39*$B$9/$B$5<$B$22*0.99,A39*$B$9/$B$5>$B$23*1.01),"Q fuori dal campo simulato (estrapolazione)",IF(NOT(ISNUMBER(D39)),"vₜ non raggiunta / < 0,5 m",IF(C39>$B$20,"vₜ nel plateau/transizione: L poco significativo",IF(D39>Parametri!$B$7,"Oltre x max: troncato dal pavimento",IF($B$5=$B$9,"OK","OK (stima per similarità)"))))))) -> OK (stima per similarità) | G39: =IF(OR($B39="",NOT(ISNUMBER(G$33))),"",G$33*$B39) -> 0.49689658 | H39: =IF(OR($B39="",NOT(ISNUMBER(H$33))),"",H$33*$B39) -> 0.48816445 | I39: =IF(OR($B39="",NOT(ISNUMBER(I$33))),"",I$33*$B39) -> 0.48940007 | J39: =IF(OR($B39="",NOT(ISNUMBER(J$33))),"",J$33*$B39) -> 0.48239471 | K39: =IF(OR($B39="",NOT(ISNUMBER(K$33))),"",K$33*$B39) -> 0.46688294 | L39: =IF(OR($B39="",NOT(ISNUMBER(L$33))),"",L$33*$B39) -> 0.44591891 | M39: =IF(OR($B39="",NOT(ISNUMBER(M$33))),"",M$33*$B39) -> 0.41531165 | N39: =IF(OR($B39="",NOT(ISNUMBER(N$33))),"",N$33*$B39) -> 0.38593185 | ... Y39: =IF(OR($B39="",NOT(ISNUMBER(Y$33))),"",Y$33*$B39) -> 0.10293103 | Z39: {=IF(B39="","",SUMPRODUCT(MAX(ISNUMBER(G39:X39)*ISNUMBER(H39:Y39)*(G39:X39>=$B$7)*(H39:Y39<$B$7)*(COLUMN(G39:X39)-COLUMN(G39)+1))))} -> 13 | AA39: =IF(OR(Z39="",Z39=0),"",INDEX(G$32:Y$32,Z39)) -> 6.5 | AB39: =IF(AA39="","",INDEX(G$32:Y$32,Z39+1)) -> 7 | AC39: =IF(AA39="","",INDEX(G39:Y39,Z39)) -> 0.25945249 | AD39: =IF(AA39="","",INDEX(G39:Y39,Z39+1)) -> 0.24085878 | AE39: =IF(B39="","",IFERROR(MATCH($B$8,$G$32:$Y$32,1),"")) -> 16
A40: 200 | B40: =IF(OR(A40="",NOT(ISNUMBER($B$18))),"",A40/3600/$B$18) -> 3.483601 | C40: =IF(B40="","",$B$7/B40) -> 0.071764821 | D40: =IF(B40="","",IF(AA40="",IF(ISNUMBER(G40),IF(G40<$B$7,"< 0,5","n.d."),"n.d."),EXP(LN(AA40)+(LN($B$7)-LN(AC40))*(LN(AB40)-LN(AA40))/(LN(AD40)-LN(AC40))))) -> 8.5526039 | E40: =IF(OR(B40="",AE40=""),"",IFERROR(EXP(LN(INDEX(G40:Y40,AE40))+(LN($B$8)-LN(INDEX(G$32:Y$32,AE40)))*(LN(INDEX(G40:Y40,AE40+1))-LN(INDEX(G40:Y40,AE40)))/(LN(INDEX(G$32:Y$32,AE40+1))-LN(INDEX(G$32:Y$32,AE40)))),"")) -> 0.2658967 | F40: =IF(B40="","",IF(OR($B$4<MIN(Parametri!$A$17:$A$19),$B$4>MAX(Parametri!$A$17:$A$19),$B$5<20,$B$5>60),"L o h fuori campo: estrapolazione",IF(OR(A40*$B$9/$B$5<$B$22*0.99,A40*$B$9/$B$5>$B$23*1.01),"Q fuori dal campo simulato (estrapolazione)",IF(NOT(ISNUMBER(D40)),"vₜ non raggiunta / < 0,5 m",IF(C40>$B$20,"vₜ nel plateau/transizione: L poco significativo",IF(D40>Parametri!$B$7,"Oltre x max: troncato dal pavimento",IF($B$5=$B$9,"OK","OK (stima per similarità)"))))))) -> Q fuori dal campo simulato (estrapolazione) | G40: =IF(OR($B40="",NOT(ISNUMBER(G$33))),"",G$33*$B40) -> 0.66252877 | H40: =IF(OR($B40="",NOT(ISNUMBER(H$33))),"",H$33*$B40) -> 0.65088594 | I40: =IF(OR($B40="",NOT(ISNUMBER(I$33))),"",I$33*$B40) -> 0.65253343 | J40: =IF(OR($B40="",NOT(ISNUMBER(J$33))),"",J$33*$B40) -> 0.64319294 | K40: =IF(OR($B40="",NOT(ISNUMBER(K$33))),"",K$33*$B40) -> 0.62251059 | L40: =IF(OR($B40="",NOT(ISNUMBER(L$33))),"",L$33*$B40) -> 0.59455855 | M40: =IF(OR($B40="",NOT(ISNUMBER(M$33))),"",M$33*$B40) -> 0.55374887 | N40: =IF(OR($B40="",NOT(ISNUMBER(N$33))),"",N$33*$B40) -> 0.5145758 | ... Y40: =IF(OR($B40="",NOT(ISNUMBER(Y$33))),"",Y$33*$B40) -> 0.13724138 | Z40: {=IF(B40="","",SUMPRODUCT(MAX(ISNUMBER(G40:X40)*ISNUMBER(H40:Y40)*(G40:X40>=$B$7)*(H40:Y40<$B$7)*(COLUMN(G40:X40)-COLUMN(G40)+1))))} -> 17 | AA40: =IF(OR(Z40="",Z40=0),"",INDEX(G$32:Y$32,Z40)) -> 8.5 | AB40: =IF(AA40="","",INDEX(G$32:Y$32,Z40+1)) -> 9 | AC40: =IF(AA40="","",INDEX(G40:Y40,Z40)) -> 0.25425023 | AD40: =IF(AA40="","",INDEX(G40:Y40,Z40+1)) -> 0.21748678 | AE40: =IF(B40="","",IFERROR(MATCH($B$8,$G$32:$Y$32,1),"")) -> 16
A41: 250 | B41: =IF(OR(A41="",NOT(ISNUMBER($B$18))),"",A41/3600/$B$18) -> 4.3545012 | C41: =IF(B41="","",$B$7/B41) -> 0.057411857 | D41: =IF(B41="","",IF(AA41="",IF(ISNUMBER(G41),IF(G41<$B$7,"< 0,5","n.d."),"n.d."),EXP(LN(AA41)+(LN($B$7)-LN(AC41))*(LN(AB41)-LN(AA41))/(LN(AD41)-LN(AC41))))) -> 9.0890297 | E41: =IF(OR(B41="",AE41=""),"",IFERROR(EXP(LN(INDEX(G41:Y41,AE41))+(LN($B$8)-LN(INDEX(G$32:Y$32,AE41)))*(LN(INDEX(G41:Y41,AE41+1))-LN(INDEX(G41:Y41,AE41)))/(LN(INDEX(G$32:Y$32,AE41+1))-LN(INDEX(G$32:Y$32,AE41)))),"")) -> 0.33237088 | F41: =IF(B41="","",IF(OR($B$4<MIN(Parametri!$A$17:$A$19),$B$4>MAX(Parametri!$A$17:$A$19),$B$5<20,$B$5>60),"L o h fuori campo: estrapolazione",IF(OR(A41*$B$9/$B$5<$B$22*0.99,A41*$B$9/$B$5>$B$23*1.01),"Q fuori dal campo simulato (estrapolazione)",IF(NOT(ISNUMBER(D41)),"vₜ non raggiunta / < 0,5 m",IF(C41>$B$20,"vₜ nel plateau/transizione: L poco significativo",IF(D41>Parametri!$B$7,"Oltre x max: troncato dal pavimento",IF($B$5=$B$9,"OK","OK (stima per similarità)"))))))) -> Q fuori dal campo simulato (estrapolazione) | G41: =IF(OR($B41="",NOT(ISNUMBER(G$33))),"",G$33*$B41) -> 0.82816096 | H41: =IF(OR($B41="",NOT(ISNUMBER(H$33))),"",H$33*$B41) -> 0.81360742 | I41: =IF(OR($B41="",NOT(ISNUMBER(I$33))),"",I$33*$B41) -> 0.81566678 | J41: =IF(OR($B41="",NOT(ISNUMBER(J$33))),"",J$33*$B41) -> 0.80399118 | K41: =IF(OR($B41="",NOT(ISNUMBER(K$33))),"",K$33*$B41) -> 0.77813824 | L41: =IF(OR($B41="",NOT(ISNUMBER(L$33))),"",L$33*$B41) -> 0.74319819 | M41: =IF(OR($B41="",NOT(ISNUMBER(M$33))),"",M$33*$B41) -> 0.69218609 | N41: =IF(OR($B41="",NOT(ISNUMBER(N$33))),"",N$33*$B41) -> 0.64321975 | ... Y41: =IF(OR($B41="",NOT(ISNUMBER(Y$33))),"",Y$33*$B41) -> 0.17155172 | Z41: {=IF(B41="","",SUMPRODUCT(MAX(ISNUMBER(G41:X41)*ISNUMBER(H41:Y41)*(G41:X41>=$B$7)*(H41:Y41<$B$7)*(COLUMN(G41:X41)-COLUMN(G41)+1))))} -> 18 | AA41: =IF(OR(Z41="",Z41=0),"",INDEX(G$32:Y$32,Z41)) -> 9 | AB41: =IF(AA41="","",INDEX(G$32:Y$32,Z41+1)) -> 9.5 | AC41: =IF(AA41="","",INDEX(G41:Y41,Z41)) -> 0.27185847 | AD41: =IF(AA41="","",INDEX(G41:Y41,Z41+1)) -> 0.17155172 | AE41: =IF(B41="","",IFERROR(MATCH($B$8,$G$32:$Y$32,1),"")) -> 16
A42: 300 | B42: =IF(OR(A42="",NOT(ISNUMBER($B$18))),"",A42/3600/$B$18) -> 5.2254014 | C42: =IF(B42="","",$B$7/B42) -> 0.047843214 | D42: =IF(B42="","",IF(AA42="",IF(ISNUMBER(G42),IF(G42<$B$7,"< 0,5","n.d."),"n.d."),EXP(LN(AA42)+(LN($B$7)-LN(AC42))*(LN(AB42)-LN(AA42))/(LN(AD42)-LN(AC42))))) -> 9.2857345 | E42: =IF(OR(B42="",AE42=""),"",IFERROR(EXP(LN(INDEX(G42:Y42,AE42))+(LN($B$8)-LN(INDEX(G$32:Y$32,AE42)))*(LN(INDEX(G42:Y42,AE42+1))-LN(INDEX(G42:Y42,AE42)))/(LN(INDEX(G$32:Y$32,AE42+1))-LN(INDEX(G$32:Y$32,AE42)))),"")) -> 0.39884505 | F42: =IF(B42="","",IF(OR($B$4<MIN(Parametri!$A$17:$A$19),$B$4>MAX(Parametri!$A$17:$A$19),$B$5<20,$B$5>60),"L o h fuori campo: estrapolazione",IF(OR(A42*$B$9/$B$5<$B$22*0.99,A42*$B$9/$B$5>$B$23*1.01),"Q fuori dal campo simulato (estrapolazione)",IF(NOT(ISNUMBER(D42)),"vₜ non raggiunta / < 0,5 m",IF(C42>$B$20,"vₜ nel plateau/transizione: L poco significativo",IF(D42>Parametri!$B$7,"Oltre x max: troncato dal pavimento",IF($B$5=$B$9,"OK","OK (stima per similarità)"))))))) -> Q fuori dal campo simulato (estrapolazione) | G42: =IF(OR($B42="",NOT(ISNUMBER(G$33))),"",G$33*$B42) -> 0.99379315 | H42: =IF(OR($B42="",NOT(ISNUMBER(H$33))),"",H$33*$B42) -> 0.97632891 | I42: =IF(OR($B42="",NOT(ISNUMBER(I$33))),"",I$33*$B42) -> 0.97880014 | J42: =IF(OR($B42="",NOT(ISNUMBER(J$33))),"",J$33*$B42) -> 0.96478941 | K42: =IF(OR($B42="",NOT(ISNUMBER(K$33))),"",K$33*$B42) -> 0.93376588 | L42: =IF(OR($B42="",NOT(ISNUMBER(L$33))),"",L$33*$B42) -> 0.89183783 | M42: =IF(OR($B42="",NOT(ISNUMBER(M$33))),"",M$33*$B42) -> 0.8306233 | N42: =IF(OR($B42="",NOT(ISNUMBER(N$33))),"",N$33*$B42) -> 0.7718637 | ... Y42: =IF(OR($B42="",NOT(ISNUMBER(Y$33))),"",Y$33*$B42) -> 0.20586207 | Z42: {=IF(B42="","",SUMPRODUCT(MAX(ISNUMBER(G42:X42)*ISNUMBER(H42:Y42)*(G42:X42>=$B$7)*(H42:Y42<$B$7)*(COLUMN(G42:X42)-COLUMN(G42)+1))))} -> 18 | AA42: =IF(OR(Z42="",Z42=0),"",INDEX(G$32:Y$32,Z42)) -> 9 | AB42: =IF(AA42="","",INDEX(G$32:Y$32,Z42+1)) -> 9.5 | AC42: =IF(AA42="","",INDEX(G42:Y42,Z42)) -> 0.32623017 | AD42: =IF(AA42="","",INDEX(G42:Y42,Z42+1)) -> 0.20586207 | AE42: =IF(B42="","",IFERROR(MATCH($B$8,$G$32:$Y$32,1),"")) -> 16
A44: Ipotesi: getto piano autosimilare (vₓ ∝ Q/√(h·x) a L fissa), coefficiente di contrazione e forma della curva uguali a quelli della fessura da 40 mm. Valida per x ≳ 10·h (per h = 60 mm: x ≳ 0,6 m). Verificare con almeno una simulazione CFD con h ≠ 40 mm.

Sheet Lancio_vs_L_h
A1: Lancio a vₜ in funzione di L e della larghezza fessura h (portata fissata)
A2: Stesso metodo di Catalogo_L_h su un elenco di coppie (L, h). Q, vₜ e distanza zona occupata arrivano da Catalogo_L_h. Le celle blu L e h sono modificabili.
A4: Portata Q [m³/h] | B4: =Catalogo_L_h!B6 -> 150
A5: Velocità terminale vₜ [m/s] | B5: =Catalogo_L_h!B7 -> 0.25
A6: Distanza zona occupata [m] | B6: =Catalogo_L_h!B8 -> 8.22
A7: h di riferimento dei dati CFD [mm] | B7: =Catalogo_L_h!B9 -> 40
A9: L [mm] | B9: h [mm] | C9: Idx inf. | D9: Peso w | E9: Coeff. contraz. | F9: A_eff [m²] | G9: v₀ eff. [m/s] | H9: vₜ/v₀ | I9: Soglia vₜ/v₀ | J9: Lancio a vₜ [m] | K9: vₓ zona occ. [m/s] | L9: Esito | M9: 0.5 | N9: 1 | O9: 1.5 | P9: 2 | Q9: 2.5 | R9: 3 | S9: 3.5 | T9: 4 | U9: 4.5 | V9: 5 | W9: 5.5 | X9: 6 | Y9: 6.5 | Z9: 7 | AA9: 7.5 | AB9: 8 | AC9: 8.5 | AD9: 9 | AE9: 9.5 | AF9: j* | AG9: x₁ | AH9: x₂ | AI9: v₁ | AJ9: v₂ | AK9: idx occ
A10: 500 | B10: 20 | C10: =IFERROR(MIN(MATCH(A10,Parametri!$A$17:$A$19,1),2),1) -> 1 | D10: =(A10-INDEX(Parametri!$A$17:$A$19,C10))/(INDEX(Parametri!$A$17:$A$19,C10+1)-INDEX(Parametri!$A$17:$A$19,C10)) -> 0 | E10: =(1-D10)*INDEX(Riepilogo!$C$5:$C$7,C10)+D10*INDEX(Riepilogo!$C$5:$C$7,C10+1) -> 0.50683116 | F10: =A10/1000*B10/1000*E10 -> 0.0050683116 | G10: =$B$4/3600/F10 -> 8.2210151 | H10: =$B$5/G10 -> 0.03040987 | I10: =SQRT(B10/$B$7)*((1-D10)*INDEX(Riepilogo!$F$5:$F$7,C10)+D10*INDEX(Riepilogo!$F$5:$F$7,C10+1)) -> 0.088388348 | J10: =IF(AG10="",IF(ISNUMBER(M10),IF(M10<$B$5,"< 0,5","n.d."),"n.d."),EXP(LN(AG10)+(LN($B$5)-LN(AI10))*(LN(AH10)-LN(AG10))/(LN(AJ10)-LN(AI10)))) -> 9.1804302 | K10: =IF(AK10="","",IFERROR(EXP(LN(INDEX(M10:AE10,AK10))+(LN($B$6)-LN(INDEX(M$9:AE$9,AK10)))*(LN(INDEX(M10:AE10,AK10+1))-LN(INDEX(M10:AE10,AK10)))/(LN(INDEX(M$9:AE$9,AK10+1))-LN(INDEX(M$9:AE$9,AK10)))),"")) -> 0.35400136 | L10: =IF(OR(A10<MIN(Parametri!$A$17:$A$19),A10>MAX(Parametri!$A$17:$A$19),B10<20,B10>60),"L o h fuori campo: estrapolazione",IF(OR($B$4*$B$7/B10<MAX(INDEX(Riepilogo!$H$5:$H$7,C10),INDEX(Riepilogo!$H$5:$H$7,C10+1))*0.99,$B$4*$B$7/B10>MIN(INDEX(Riepilogo!$I$5:$I$7,C10),INDEX(Riepilogo!$I$5:$I$7,C10+1))*1.01),"Q fuori dal campo simulato (estrapolazione)",IF(NOT(ISNUMBER(J10)),"vₜ non raggiunta / < 0,5 m",IF(H10>I10,"vₜ nel plateau/transizione: L poco significativo",IF(J10>Parametri!$B$7,"Oltre x max: troncato dal pavimento",IF(B10=$B$7,"OK","OK (stima per similarità)")))))) -> Q fuori dal campo simulato (estrapolazione) | M10: =$G10*SQRT($B10/$B$7)*MAX(0.001,(1-$D10)*INDEX(Curve!$G$1:$G$100,4+($C10-1)*24+1+M$9*2)+$D10*INDEX(Curve!$G$1:$G$100,4+$C10*24+1+M$9*2)) -> 1.3239166 | N10: =$G10*SQRT($B10/$B$7)*MAX(0.001,(1-$D10)*INDEX(Curve!$G$1:$G$100,4+($C10-1)*24+1+N$9*2)+$D10*INDEX(Curve!$G$1:$G$100,4+$C10*24+1+N$9*2)) -> 1.2373353 | O10: =$G10*SQRT($B10/$B$7)*MAX(0.001,(1-$D10)*INDEX(Curve!$G$1:$G$100,4+($C10-1)*24+1+O$9*2)+$D10*INDEX(Curve!$G$1:$G$100,4+$C10*24+1+O$9*2)) -> 1.1187729 | P10: =$G10*SQRT($B10/$B$7)*MAX(0.001,(1-$D10)*INDEX(Curve!$G$1:$G$100,4+($C10-1)*24+1+P$9*2)+$D10*INDEX(Curve!$G$1:$G$100,4+$C10*24+1+P$9*2)) -> 1.0305881 | Q10: =$G10*SQRT($B10/$B$7)*MAX(0.001,(1-$D10)*INDEX(Curve!$G$1:$G$100,4+($C10-1)*24+1+Q$9*2)+$D10*INDEX(Curve!$G$1:$G$100,4+$C10*24+1+Q$9*2)) -> 0.95468308 | R10: =$G10*SQRT($B10/$B$7)*MAX(0.001,(1-$D10)*INDEX(Curve!$G$1:$G$100,4+($C10-1)*24+1+R$9*2)+$D10*INDEX(Curve!$G$1:$G$100,4+$C10*24+1+R$9*2)) -> 0.86404404 | S10: =$G10*SQRT($B10/$B$7)*MAX(0.001,(1-$D10)*INDEX(Curve!$G$1:$G$100,4+($C10-1)*24+1+S$9*2)+$D10*INDEX(Curve!$G$1:$G$100,4+$C10*24+1+S$9*2)) -> 0.78042384 | T10: =$G10*SQRT($B10/$B$7)*MAX(0.001,(1-$D10)*INDEX(Curve!$G$1:$G$100,4+($C10-1)*24+1+T$9*2)+$D10*INDEX(Curve!$G$1:$G$100,4+$C10*24+1+T$9*2)) -> 0.71342438 | ... AE10: =$G10*SQRT($B10/$B$7)*MAX(0.001,(1-$D10)*INDEX(Curve!$G$1:$G$100,4+($C10-1)*24+1+AE$9*2)+$D10*INDEX(Curve!$G$1:$G$100,4+$C10*24+1+AE$9*2)) -> 0.1925944 | AF10: {=SUMPRODUCT(MAX(ISNUMBER(M10:AD10)*ISNUMBER(N10:AE10)*(M10:AD10>=$B$5)*(N10:AE10<$B$5)*(COLUMN(M10:AD10)-COLUMN(M10)+1)))} -> 18 | AG10: =IF(OR(AF10="",AF10=0),"",INDEX(M$9:AE$9,AF10)) -> 9 | AH10: =IF(AG10="","",INDEX(M$9:AE$9,AF10+1)) -> 9.5 | AI10: =IF(AG10="","",INDEX(M10:AE10,AF10)) -> 0.2908456 | AJ10: =IF(AG10="","",INDEX(M10:AE10,AF10+1)) -> 0.1925944 | AK10: =IFERROR(MATCH($B$6,M$9:AE$9,1),"") -> 16
A11: 750 | B11: 20 | C11: =IFERROR(MIN(MATCH(A11,Parametri!$A$17:$A$19,1),2),1) -> 1 | D11: =(A11-INDEX(Parametri!$A$17:$A$19,C11))/(INDEX(Parametri!$A$17:$A$19,C11+1)-INDEX(Parametri!$A$17:$A$19,C11)) -> 0.5 | E11: =(1-D11)*INDEX(Riepilogo!$C$5:$C$7,C11)+D11*INDEX(Riepilogo!$C$5:$C$7,C11+1) -> 0.51921122 | F11: =A11/1000*B11/1000*E11 -> 0.0077881682 | G11: =$B$4/3600/F11 -> 5.3499957 | H11: =$B$5/G11 -> 0.046729009 | I11: =SQRT(B11/$B$7)*((1-D11)*INDEX(Riepilogo!$F$5:$F$7,C11)+D11*INDEX(Riepilogo!$F$5:$F$7,C11+1)) -> 0.097227182 | J11: =IF(AG11="",IF(ISNUMBER(M11),IF(M11<$B$5,"< 0,5","n.d."),"n.d."),EXP(LN(AG11)+(LN($B$5)-LN(AI11))*(LN(AH11)-LN(AG11))/(LN(AJ11)-LN(AI11)))) -> 8.7373025 | K11: =IF(AK11="","",IFERROR(EXP(LN(INDEX(M11:AE11,AK11))+(LN($B$6)-LN(INDEX(M$9:AE$9,AK11)))*(LN(INDEX(M11:AE11,AK11+1))-LN(INDEX(M11:AE11,AK11)))/(LN(INDEX(M$9:AE$9,AK11+1))-LN(INDEX(M$9:AE$9,AK11)))),"")) -> 0.28189766 | L11: =IF(OR(A11<MIN(Parametri!$A$17:$A$19),A11>MAX(Parametri!$A$17:$A$19),B11<20,B11>60),"L o h fuori campo: estrapolazione",IF(OR($B$4*$B$7/B11<MAX(INDEX(Riepilogo!$H$5:$H$7,C11),INDEX(Riepilogo!$H$5:$H$7,C11+1))*0.99,$B$4*$B$7/B11>MIN(INDEX(Riepilogo!$I$5:$I$7,C11),INDEX(Riepilogo!$I$5:$I$7,C11+1))*1.01),"Q fuori dal campo simulato (estrapolazione)",IF(NOT(ISNUMBER(J11)),"vₜ non raggiunta / < 0,5 m",IF(H11>I11,"vₜ nel plateau/transizione: L poco significativo",IF(J11>Parametri!$B$7,"Oltre x max: troncato dal pavimento",IF(B11=$B$7,"OK","OK (stima per similarità)")))))) -> Q fuori dal campo simulato (estrapolazione) | M11: =$G11*SQRT($B11/$B$7)*MAX(0.001,(1-$D11)*INDEX(Curve!$G$1:$G$100,4+($C11-1)*24+1+M$9*2)+$D11*INDEX(Curve!$G$1:$G$100,4+$C11*24+1+M$9*2)) -> 0.84617125 | N11: =$G11*SQRT($B11/$B$7)*MAX(0.001,(1-$D11)*INDEX(Curve!$G$1:$G$100,4+($C11-1)*24+1+N$9*2)+$D11*INDEX(Curve!$G$1:$G$100,4+$C11*24+1+N$9*2)) -> 0.81069923 | O11: =$G11*SQRT($B11/$B$7)*MAX(0.001,(1-$D11)*INDEX(Curve!$G$1:$G$100,4+($C11-1)*24+1+O$9*2)+$D11*INDEX(Curve!$G$1:$G$100,4+$C11*24+1+O$9*2)) -> 0.77315368 | P11: =$G11*SQRT($B11/$B$7)*MAX(0.001,(1-$D11)*INDEX(Curve!$G$1:$G$100,4+($C11-1)*24+1+P$9*2)+$D11*INDEX(Curve!$G$1:$G$100,4+$C11*24+1+P$9*2)) -> 0.7386034 | Q11: =$G11*SQRT($B11/$B$7)*MAX(0.001,(1-$D11)*INDEX(Curve!$G$1:$G$100,4+($C11-1)*24+1+Q$9*2)+$D11*INDEX(Curve!$G$1:$G$100,4+$C11*24+1+Q$9*2)) -> 0.70093773 | R11: =$G11*SQRT($B11/$B$7)*MAX(0.001,(1-$D11)*INDEX(Curve!$G$1:$G$100,4+($C11-1)*24+1+R$9*2)+$D11*INDEX(Curve!$G$1:$G$100,4+$C11*24+1+R$9*2)) -> 0.65391992 | S11: =$G11*SQRT($B11/$B$7)*MAX(0.001,(1-$D11)*INDEX(Curve!$G$1:$G$100,4+($C11-1)*24+1+S$9*2)+$D11*INDEX(Curve!$G$1:$G$100,4+$C11*24+1+S$9*2)) -> 0.60112453 | T11: =$G11*SQRT($B11/$B$7)*MAX(0.001,(1-$D11)*INDEX(Curve!$G$1:$G$100,4+($C11-1)*24+1+T$9*2)+$D11*INDEX(Curve!$G$1:$G$100,4+$C11*24+1+T$9*2)) -> 0.55476339 | ... AE11: =$G11*SQRT($B11/$B$7)*MAX(0.001,(1-$D11)*INDEX(Curve!$G$1:$G$100,4+($C11-1)*24+1+AE$9*2)+$D11*INDEX(Curve!$G$1:$G$100,4+$C11*24+1+AE$9*2)) -> 0.14871415 | AF11: {=SUMPRODUCT(MAX(ISNUMBER(M11:AD11)*ISNUMBER(N11:AE11)*(M11:AD11>=$B$5)*(N11:AE11<$B$5)*(COLUMN(M11:AD11)-COLUMN(M11)+1)))} -> 17 | AG11: =IF(OR(AF11="",AF11=0),"",INDEX(M$9:AE$9,AF11)) -> 8.5 | AH11: =IF(AG11="","",INDEX(M$9:AE$9,AF11+1)) -> 9 | AI11: =IF(AG11="","",INDEX(M11:AE11,AF11)) -> 0.2690647 | AJ11: =IF(AG11="","",INDEX(M11:AE11,AF11+1)) -> 0.23099541 | AK11: =IFERROR(MATCH($B$6,M$9:AE$9,1),"") -> 16
A12: 1000 | B12: 20 | C12: =IFERROR(MIN(MATCH(A12,Parametri!$A$17:$A$19,1),2),1) -> 2 | D12: =(A12-INDEX(Parametri!$A$17:$A$19,C12))/(INDEX(Parametri!$A$17:$A$19,C12+1)-INDEX(Parametri!$A$17:$A$19,C12)) -> 0 | E12: =(1-D12)*INDEX(Riepilogo!$C$5:$C$7,C12)+D12*INDEX(Riepilogo!$C$5:$C$7,C12+1) -> 0.53159127 | F12: =A12/1000*B12/1000*E12 -> 0.010631825 | G12: =$B$4/3600/F12 -> 3.9190511 | H12: =$B$5/G12 -> 0.063790952 | I12: =SQRT(B12/$B$7)*((1-D12)*INDEX(Riepilogo!$F$5:$F$7,C12)+D12*INDEX(Riepilogo!$F$5:$F$7,C12+1)) -> 0.10606602 | J12: =IF(AG12="",IF(ISNUMBER(M12),IF(M12<$B$5,"< 0,5","n.d."),"n.d."),EXP(LN(AG12)+(LN($B$5)-LN(AI12))*(LN(AH12)-LN(AG12))/(LN(AJ12)-LN(AI12)))) -> 8.0779904 | K12: =IF(AK12="","",IFERROR(EXP(LN(INDEX(M12:AE12,AK12))+(LN($B$6)-LN(INDEX(M$9:AE$9,AK12)))*(LN(INDEX(M12:AE12,AK12+1))-LN(INDEX(M12:AE12,AK12)))/(LN(INDEX(M$9:AE$9,AK12+1))-LN(INDEX(M$9:AE$9,AK12)))),"")) -> 0.24424172 | L12: =IF(OR(A12<MIN(Parametri!$A$17:$A$19),A12>MAX(Parametri!$A$17:$A$19),B12<20,B12>60),"L o h fuori campo: estrapolazione",IF(OR($B$4*$B$7/B12<MAX(INDEX(Riepilogo!$H$5:$H$7,C12),INDEX(Riepilogo!$H$5:$H$7,C12+1))*0.99,$B$4*$B$7/B12>MIN(INDEX(Riepilogo!$I$5:$I$7,C12),INDEX(Riepilogo!$I$5:$I$7,C12+1))*1.01),"Q fuori dal campo simulato (estrapolazione)",IF(NOT(ISNUMBER(J12)),"vₜ non raggiunta / < 0,5 m",IF(H12>I12,"vₜ nel plateau/transizione: L poco significativo",IF(J12>Parametri!$B$7,"Oltre x max: troncato dal pavimento",IF(B12=$B$7,"OK","OK (stima per similarità)")))))) -> Q fuori dal campo simulato (estrapolazione) | M12: =$G12*SQRT($B12/$B$7)*MAX(0.001,(1-$D12)*INDEX(Curve!$G$1:$G$100,4+($C12-1)*24+1+M$9*2)+$D12*INDEX(Curve!$G$1:$G$100,4+$C12*24+1+M$9*2)) -> 0.60857153 | N12: =$G12*SQRT($B12/$B$7)*MAX(0.001,(1-$D12)*INDEX(Curve!$G$1:$G$100,4+($C12-1)*24+1+N$9*2)+$D12*INDEX(Curve!$G$1:$G$100,4+$C12*24+1+N$9*2)) -> 0.59787691 | O12: =$G12*SQRT($B12/$B$7)*MAX(0.001,(1-$D12)*INDEX(Curve!$G$1:$G$100,4+($C12-1)*24+1+O$9*2)+$D12*INDEX(Curve!$G$1:$G$100,4+$C12*24+1+O$9*2)) -> 0.59939023 | P12: =$G12*SQRT($B12/$B$7)*MAX(0.001,(1-$D12)*INDEX(Curve!$G$1:$G$100,4+($C12-1)*24+1+P$9*2)+$D12*INDEX(Curve!$G$1:$G$100,4+$C12*24+1+P$9*2)) -> 0.59081044 | Q12: =$G12*SQRT($B12/$B$7)*MAX(0.001,(1-$D12)*INDEX(Curve!$G$1:$G$100,4+($C12-1)*24+1+Q$9*2)+$D12*INDEX(Curve!$G$1:$G$100,4+$C12*24+1+Q$9*2)) -> 0.57181249 | R12: =$G12*SQRT($B12/$B$7)*MAX(0.001,(1-$D12)*INDEX(Curve!$G$1:$G$100,4+($C12-1)*24+1+R$9*2)+$D12*INDEX(Curve!$G$1:$G$100,4+$C12*24+1+R$9*2)) -> 0.5461369 | S12: =$G12*SQRT($B12/$B$7)*MAX(0.001,(1-$D12)*INDEX(Curve!$G$1:$G$100,4+($C12-1)*24+1+S$9*2)+$D12*INDEX(Curve!$G$1:$G$100,4+$C12*24+1+S$9*2)) -> 0.50865082 | T12: =$G12*SQRT($B12/$B$7)*MAX(0.001,(1-$D12)*INDEX(Curve!$G$1:$G$100,4+($C12-1)*24+1+T$9*2)+$D12*INDEX(Curve!$G$1:$G$100,4+$C12*24+1+T$9*2)) -> 0.47266805 | ... AE12: =$G12*SQRT($B12/$B$7)*MAX(0.001,(1-$D12)*INDEX(Curve!$G$1:$G$100,4+($C12-1)*24+1+AE$9*2)+$D12*INDEX(Curve!$G$1:$G$100,4+$C12*24+1+AE$9*2)) -> 0.12606426 | AF12: {=SUMPRODUCT(MAX(ISNUMBER(M12:AD12)*ISNUMBER(N12:AE12)*(M12:AD12>=$B$5)*(N12:AE12<$B$5)*(COLUMN(M12:AD12)-COLUMN(M12)+1)))} -> 16 | AG12: =IF(OR(AF12="",AF12=0),"",INDEX(M$9:AE$9,AF12)) -> 8 | AH12: =IF(AG12="","",INDEX(M$9:AE$9,AF12+1)) -> 8.5 | AI12: =IF(AG12="","",INDEX(M12:AE12,AF12)) -> 0.25326423 | AJ12: =IF(AG12="","",INDEX(M12:AE12,AF12+1)) -> 0.23354375 | AK12: =IFERROR(MATCH($B$6,M$9:AE$9,1),"") -> 16
A13: 1250 | B13: 20 | C13: =IFERROR(MIN(MATCH(A13,Parametri!$A$17:$A$19,1),2),1) -> 2 | D13: =(A13-INDEX(Parametri!$A$17:$A$19,C13))/(INDEX(Parametri!$A$17:$A$19,C13+1)-INDEX(Parametri!$A$17:$A$19,C13)) -> 0.5 | E13: =(1-D13)*INDEX(Riepilogo!$C$5:$C$7,C13)+D13*INDEX(Riepilogo!$C$5:$C$7,C13+1) -> 0.50761239 | F13: =A13/1000*B13/1000*E13 -> 0.01269031 | G13: =$B$4/3600/F13 -> 3.2833451 | H13: =$B$5/G13 -> 0.076141858 | I13: =SQRT(B13/$B$7)*((1-D13)*INDEX(Riepilogo!$F$5:$F$7,C13)+D13*INDEX(Riepilogo!$F$5:$F$7,C13+1)) -> 0.10783378 | J13: =IF(AG13="",IF(ISNUMBER(M13),IF(M13<$B$5,"< 0,5","n.d."),"n.d."),EXP(LN(AG13)+(LN($B$5)-LN(AI13))*(LN(AH13)-LN(AG13))/(LN(AJ13)-LN(AI13)))) -> 6.6993233 | K13: =IF(AK13="","",IFERROR(EXP(LN(INDEX(M13:AE13,AK13))+(LN($B$6)-LN(INDEX(M$9:AE$9,AK13)))*(LN(INDEX(M13:AE13,AK13+1))-LN(INDEX(M13:AE13,AK13)))/(LN(INDEX(M$9:AE$9,AK13+1))-LN(INDEX(M$9:AE$9,AK13)))),"")) -> 0.2012806 | L13: =IF(OR(A13<MIN(Parametri!$A$17:$A$19),A13>MAX(Parametri!$A$17:$A$19),B13<20,B13>60),"L o h fuori campo: estrapolazione",IF(OR($B$4*$B$7/B13<MAX(INDEX(Riepilogo!$H$5:$H$7,C13),INDEX(Riepilogo!$H$5:$H$7,C13+1))*0.99,$B$4*$B$7/B13>MIN(INDEX(Riepilogo!$I$5:$I$7,C13),INDEX(Riepilogo!$I$5:$I$7,C13+1))*1.01),"Q fuori dal campo simulato (estrapolazione)",IF(NOT(ISNUMBER(J13)),"vₜ non raggiunta / < 0,5 m",IF(H13>I13,"vₜ nel plateau/transizione: L poco significativo",IF(J13>Parametri!$B$7,"Oltre x max: troncato dal pavimento",IF(B13=$B$7,"OK","OK (stima per similarità)")))))) -> Q fuori dal campo simulato (estrapolazione) | M13: =$G13*SQRT($B13/$B$7)*MAX(0.001,(1-$D13)*INDEX(Curve!$G$1:$G$100,4+($C13-1)*24+1+M$9*2)+$D13*INDEX(Curve!$G$1:$G$100,4+$C13*24+1+M$9*2)) -> 0.62928814 | N13: =$G13*SQRT($B13/$B$7)*MAX(0.001,(1-$D13)*INDEX(Curve!$G$1:$G$100,4+($C13-1)*24+1+N$9*2)+$D13*INDEX(Curve!$G$1:$G$100,4+$C13*24+1+N$9*2)) -> 0.47283503 | O13: =$G13*SQRT($B13/$B$7)*MAX(0.001,(1-$D13)*INDEX(Curve!$G$1:$G$100,4+($C13-1)*24+1+O$9*2)+$D13*INDEX(Curve!$G$1:$G$100,4+$C13*24+1+O$9*2)) -> 0.44708181 | P13: =$G13*SQRT($B13/$B$7)*MAX(0.001,(1-$D13)*INDEX(Curve!$G$1:$G$100,4+($C13-1)*24+1+P$9*2)+$D13*INDEX(Curve!$G$1:$G$100,4+$C13*24+1+P$9*2)) -> 0.43254728 | Q13: =$G13*SQRT($B13/$B$7)*MAX(0.001,(1-$D13)*INDEX(Curve!$G$1:$G$100,4+($C13-1)*24+1+Q$9*2)+$D13*INDEX(Curve!$G$1:$G$100,4+$C13*24+1+Q$9*2)) -> 0.4199045 | R13: =$G13*SQRT($B13/$B$7)*MAX(0.001,(1-$D13)*INDEX(Curve!$G$1:$G$100,4+($C13-1)*24+1+R$9*2)+$D13*INDEX(Curve!$G$1:$G$100,4+$C13*24+1+R$9*2)) -> 0.40559711 | S13: =$G13*SQRT($B13/$B$7)*MAX(0.001,(1-$D13)*INDEX(Curve!$G$1:$G$100,4+($C13-1)*24+1+S$9*2)+$D13*INDEX(Curve!$G$1:$G$100,4+$C13*24+1+S$9*2)) -> 0.38563804 | T13: =$G13*SQRT($B13/$B$7)*MAX(0.001,(1-$D13)*INDEX(Curve!$G$1:$G$100,4+($C13-1)*24+1+T$9*2)+$D13*INDEX(Curve!$G$1:$G$100,4+$C13*24+1+T$9*2)) -> 0.36288632 | ... AE13: =$G13*SQRT($B13/$B$7)*MAX(0.001,(1-$D13)*INDEX(Curve!$G$1:$G$100,4+($C13-1)*24+1+AE$9*2)+$D13*INDEX(Curve!$G$1:$G$100,4+$C13*24+1+AE$9*2)) -> 0.10784619 | AF13: {=SUMPRODUCT(MAX(ISNUMBER(M13:AD13)*ISNUMBER(N13:AE13)*(M13:AD13>=$B$5)*(N13:AE13<$B$5)*(COLUMN(M13:AD13)-COLUMN(M13)+1)))} -> 13 | AG13: =IF(OR(AF13="",AF13=0),"",INDEX(M$9:AE$9,AF13)) -> 6.5 | AH13: =IF(AG13="","",INDEX(M$9:AE$9,AF13+1)) -> 7 | AI13: =IF(AG13="","",INDEX(M13:AE13,AF13)) -> 0.25687244 | AJ13: =IF(AG13="","",INDEX(M13:AE13,AF13+1)) -> 0.24033708 | AK13: =IFERROR(MATCH($B$6,M$9:AE$9,1),"") -> 16
A14: 1500 | B14: 20 | C14: =IFERROR(MIN(MATCH(A14,Parametri!$A$17:$A$19,1),2),1) -> 2 | D14: =(A14-INDEX(Parametri!$A$17:$A$19,C14))/(INDEX(Parametri!$A$17:$A$19,C14+1)-INDEX(Parametri!$A$17:$A$19,C14)) -> 1 | E14: =(1-D14)*INDEX(Riepilogo!$C$5:$C$7,C14)+D14*INDEX(Riepilogo!$C$5:$C$7,C14+1) -> 0.48363351 | F14: =A14/1000*B14/1000*E14 -> 0.014509005 | G14: =$B$4/3600/F14 -> 2.8717797 | H14: =$B$5/G14 -> 0.087054031 | I14: =SQRT(B14/$B$7)*((1-D14)*INDEX(Riepilogo!$F$5:$F$7,C14)+D14*INDEX(Riepilogo!$F$5:$F$7,C14+1)) -> 0.10960155 | J14: =IF(AG14="",IF(ISNUMBER(M14),IF(M14<$B$5,"< 0,5","n.d."),"n.d."),EXP(LN(AG14)+(LN($B$5)-LN(AI14))*(LN(AH14)-LN(AG14))/(LN(AJ14)-LN(AI14)))) -> 5.4118166 | K14: =IF(AK14="","",IFERROR(EXP(LN(INDEX(M14:AE14,AK14))+(LN($B$6)-LN(INDEX(M$9:AE$9,AK14)))*(LN(INDEX(M14:AE14,AK14+1))-LN(INDEX(M14:AE14,AK14)))/(LN(INDEX(M$9:AE$9,AK14+1))-LN(INDEX(M$9:AE$9,AK14)))),"")) -> 0.17312634 | L14: =IF(OR(A14<MIN(Parametri!$A$17:$A$19),A14>MAX(Parametri!$A$17:$A$19),B14<20,B14>60),"L o h fuori campo: estrapolazione",IF(OR($B$4*$B$7/B14<MAX(INDEX(Riepilogo!$H$5:$H$7,C14),INDEX(Riepilogo!$H$5:$H$7,C14+1))*0.99,$B$4*$B$7/B14>MIN(INDEX(Riepilogo!$I$5:$I$7,C14),INDEX(Riepilogo!$I$5:$I$7,C14+1))*1.01),"Q fuori dal campo simulato (estrapolazione)",IF(NOT(ISNUMBER(J14)),"vₜ non raggiunta / < 0,5 m",IF(H14>I14,"vₜ nel plateau/transizione: L poco significativo",IF(J14>Parametri!$B$7,"Oltre x max: troncato dal pavimento",IF(B14=$B$7,"OK","OK (stima per similarità)")))))) -> Q fuori dal campo simulato (estrapolazione) | M14: =$G14*SQRT($B14/$B$7)*MAX(0.001,(1-$D14)*INDEX(Curve!$G$1:$G$100,4+($C14-1)*24+1+M$9*2)+$D14*INDEX(Curve!$G$1:$G$100,4+$C14*24+1+M$9*2)) -> 0.65486892 | N14: =$G14*SQRT($B14/$B$7)*MAX(0.001,(1-$D14)*INDEX(Curve!$G$1:$G$100,4+($C14-1)*24+1+N$9*2)+$D14*INDEX(Curve!$G$1:$G$100,4+$C14*24+1+N$9*2)) -> 0.38902206 | O14: =$G14*SQRT($B14/$B$7)*MAX(0.001,(1-$D14)*INDEX(Curve!$G$1:$G$100,4+($C14-1)*24+1+O$9*2)+$D14*INDEX(Curve!$G$1:$G$100,4+$C14*24+1+O$9*2)) -> 0.342863 | P14: =$G14*SQRT($B14/$B$7)*MAX(0.001,(1-$D14)*INDEX(Curve!$G$1:$G$100,4+($C14-1)*24+1+P$9*2)+$D14*INDEX(Curve!$G$1:$G$100,4+$C14*24+1+P$9*2)) -> 0.32372477 | Q14: =$G14*SQRT($B14/$B$7)*MAX(0.001,(1-$D14)*INDEX(Curve!$G$1:$G$100,4+($C14-1)*24+1+Q$9*2)+$D14*INDEX(Curve!$G$1:$G$100,4+$C14*24+1+Q$9*2)) -> 0.31552995 | R14: =$G14*SQRT($B14/$B$7)*MAX(0.001,(1-$D14)*INDEX(Curve!$G$1:$G$100,4+($C14-1)*24+1+R$9*2)+$D14*INDEX(Curve!$G$1:$G$100,4+$C14*24+1+R$9*2)) -> 0.30931644 | S14: =$G14*SQRT($B14/$B$7)*MAX(0.001,(1-$D14)*INDEX(Curve!$G$1:$G$100,4+($C14-1)*24+1+S$9*2)+$D14*INDEX(Curve!$G$1:$G$100,4+$C14*24+1+S$9*2)) -> 0.30187085 | T14: =$G14*SQRT($B14/$B$7)*MAX(0.001,(1-$D14)*INDEX(Curve!$G$1:$G$100,4+($C14-1)*24+1+T$9*2)+$D14*INDEX(Curve!$G$1:$G$100,4+$C14*24+1+T$9*2)) -> 0.28843849 | ... AE14: =$G14*SQRT($B14/$B$7)*MAX(0.001,(1-$D14)*INDEX(Curve!$G$1:$G$100,4+($C14-1)*24+1+AE$9*2)+$D14*INDEX(Curve!$G$1:$G$100,4+$C14*24+1+AE$9*2)) -> 0.096278818 | AF14: {=SUMPRODUCT(MAX(ISNUMBER(M14:AD14)*ISNUMBER(N14:AE14)*(M14:AD14>=$B$5)*(N14:AE14<$B$5)*(COLUMN(M14:AD14)-COLUMN(M14)+1)))} -> 10 | AG14: =IF(OR(AF14="",AF14=0),"",INDEX(M$9:AE$9,AF14)) -> 5 | AH14: =IF(AG14="","",INDEX(M$9:AE$9,AF14+1)) -> 5.5 | AI14: =IF(AG14="","",INDEX(M14:AE14,AF14)) -> 0.26603292 | AJ14: =IF(AG14="","",INDEX(M14:AE14,AF14+1)) -> 0.24684655 | AK14: =IFERROR(MATCH($B$6,M$9:AE$9,1),"") -> 16
A15: 500 | B15: 30 | C15: =IFERROR(MIN(MATCH(A15,Parametri!$A$17:$A$19,1),2),1) -> 1 | D15: =(A15-INDEX(Parametri!$A$17:$A$19,C15))/(INDEX(Parametri!$A$17:$A$19,C15+1)-INDEX(Parametri!$A$17:$A$19,C15)) -> 0 | E15: =(1-D15)*INDEX(Riepilogo!$C$5:$C$7,C15)+D15*INDEX(Riepilogo!$C$5:$C$7,C15+1) -> 0.50683116 | F15: =A15/1000*B15/1000*E15 -> 0.0076024674 | G15: =$B$4/3600/F15 -> 5.4806768 | H15: =$B$5/G15 -> 0.045614805 | I15: =SQRT(B15/$B$7)*((1-D15)*INDEX(Riepilogo!$F$5:$F$7,C15)+D15*INDEX(Riepilogo!$F$5:$F$7,C15+1)) -> 0.10825318 | J15: =IF(AG15="",IF(ISNUMBER(M15),IF(M15<$B$5,"< 0,5","n.d."),"n.d."),EXP(LN(AG15)+(LN($B$5)-LN(AI15))*(LN(AH15)-LN(AG15))/(LN(AJ15)-LN(AI15)))) -> 8.8222734 | K15: =IF(AK15="","",IFERROR(EXP(LN(INDEX(M15:AE15,AK15))+(LN($B$6)-LN(INDEX(M$9:AE$9,AK15)))*(LN(INDEX(M15:AE15,AK15+1))-LN(INDEX(M15:AE15,AK15)))/(LN(INDEX(M$9:AE$9,AK15+1))-LN(INDEX(M$9:AE$9,AK15)))),"")) -> 0.2890409 | L15: =IF(OR(A15<MIN(Parametri!$A$17:$A$19),A15>MAX(Parametri!$A$17:$A$19),B15<20,B15>60),"L o h fuori campo: estrapolazione",IF(OR($B$4*$B$7/B15<MAX(INDEX(Riepilogo!$H$5:$H$7,C15),INDEX(Riepilogo!$H$5:$H$7,C15+1))*0.99,$B$4*$B$7/B15>MIN(INDEX(Riepilogo!$I$5:$I$7,C15),INDEX(Riepilogo!$I$5:$I$7,C15+1))*1.01),"Q fuori dal campo simulato (estrapolazione)",IF(NOT(ISNUMBER(J15)),"vₜ non raggiunta / < 0,5 m",IF(H15>I15,"vₜ nel plateau/transizione: L poco significativo",IF(J15>Parametri!$B$7,"Oltre x max: troncato dal pavimento",IF(B15=$B$7,"OK","OK (stima per similarità)")))))) -> Oltre x max: troncato dal pavimento | M15: =$G15*SQRT($B15/$B$7)*MAX(0.001,(1-$D15)*INDEX(Curve!$G$1:$G$100,4+($C15-1)*24+1+M$9*2)+$D15*INDEX(Curve!$G$1:$G$100,4+$C15*24+1+M$9*2)) -> 1.0809734 | N15: =$G15*SQRT($B15/$B$7)*MAX(0.001,(1-$D15)*INDEX(Curve!$G$1:$G$100,4+($C15-1)*24+1+N$9*2)+$D15*INDEX(Curve!$G$1:$G$100,4+$C15*24+1+N$9*2)) -> 1.0102801 | O15: =$G15*SQRT($B15/$B$7)*MAX(0.001,(1-$D15)*INDEX(Curve!$G$1:$G$100,4+($C15-1)*24+1+O$9*2)+$D15*INDEX(Curve!$G$1:$G$100,4+$C15*24+1+O$9*2)) -> 0.91347424 | P15: =$G15*SQRT($B15/$B$7)*MAX(0.001,(1-$D15)*INDEX(Curve!$G$1:$G$100,4+($C15-1)*24+1+P$9*2)+$D15*INDEX(Curve!$G$1:$G$100,4+$C15*24+1+P$9*2)) -> 0.84147165 | Q15: =$G15*SQRT($B15/$B$7)*MAX(0.001,(1-$D15)*INDEX(Curve!$G$1:$G$100,4+($C15-1)*24+1+Q$9*2)+$D15*INDEX(Curve!$G$1:$G$100,4+$C15*24+1+Q$9*2)) -> 0.77949547 | R15: =$G15*SQRT($B15/$B$7)*MAX(0.001,(1-$D15)*INDEX(Curve!$G$1:$G$100,4+($C15-1)*24+1+R$9*2)+$D15*INDEX(Curve!$G$1:$G$100,4+$C15*24+1+R$9*2)) -> 0.705489 | S15: =$G15*SQRT($B15/$B$7)*MAX(0.001,(1-$D15)*INDEX(Curve!$G$1:$G$100,4+($C15-1)*24+1+S$9*2)+$D15*INDEX(Curve!$G$1:$G$100,4+$C15*24+1+S$9*2)) -> 0.6372134 | T15: =$G15*SQRT($B15/$B$7)*MAX(0.001,(1-$D15)*INDEX(Curve!$G$1:$G$100,4+($C15-1)*24+1+T$9*2)+$D15*INDEX(Curve!$G$1:$G$100,4+$C15*24+1+T$9*2)) -> 0.58250856 | ... AE15: =$G15*SQRT($B15/$B$7)*MAX(0.001,(1-$D15)*INDEX(Curve!$G$1:$G$100,4+($C15-1)*24+1+AE$9*2)+$D15*INDEX(Curve!$G$1:$G$100,4+$C15*24+1+AE$9*2)) -> 0.15725267 | AF15: {=SUMPRODUCT(MAX(ISNUMBER(M15:AD15)*ISNUMBER(N15:AE15)*(M15:AD15>=$B$5)*(N15:AE15<$B$5)*(COLUMN(M15:AD15)-COLUMN(M15)+1)))} -> 17 | AG15: =IF(OR(AF15="",AF15=0),"",INDEX(M$9:AE$9,AF15)) -> 8.5 | AH15: =IF(AG15="","",INDEX(M$9:AE$9,AF15+1)) -> 9 | AI15: =IF(AG15="","",INDEX(M15:AE15,AF15)) -> 0.27516337 | AJ15: =IF(AG15="","",INDEX(M15:AE15,AF15+1)) -> 0.23747444 | AK15: =IFERROR(MATCH($B$6,M$9:AE$9,1),"") -> 16
A16: 750 | B16: 30 | C16: =IFERROR(MIN(MATCH(A16,Parametri!$A$17:$A$19,1),2),1) -> 1 | D16: =(A16-INDEX(Parametri!$A$17:$A$19,C16))/(INDEX(Parametri!$A$17:$A$19,C16+1)-INDEX(Parametri!$A$17:$A$19,C16)) -> 0.5 | E16: =(1-D16)*INDEX(Riepilogo!$C$5:$C$7,C16)+D16*INDEX(Riepilogo!$C$5:$C$7,C16+1) -> 0.51921122 | F16: =A16/1000*B16/1000*E16 -> 0.011682252 | G16: =$B$4/3600/F16 -> 3.5666638 | H16: =$B$5/G16 -> 0.070093514 | I16: =SQRT(B16/$B$7)*((1-D16)*INDEX(Riepilogo!$F$5:$F$7,C16)+D16*INDEX(Riepilogo!$F$5:$F$7,C16+1)) -> 0.11907849 | J16: =IF(AG16="",IF(ISNUMBER(M16),IF(M16<$B$5,"< 0,5","n.d."),"n.d."),EXP(LN(AG16)+(LN($B$5)-LN(AI16))*(LN(AH16)-LN(AG16))/(LN(AJ16)-LN(AI16)))) -> 7.708382 | K16: =IF(AK16="","",IFERROR(EXP(LN(INDEX(M16:AE16,AK16))+(LN($B$6)-LN(INDEX(M$9:AE$9,AK16)))*(LN(INDEX(M16:AE16,AK16+1))-LN(INDEX(M16:AE16,AK16)))/(LN(INDEX(M$9:AE$9,AK16+1))-LN(INDEX(M$9:AE$9,AK16)))),"")) -> 0.23016848 | L16: =IF(OR(A16<MIN(Parametri!$A$17:$A$19),A16>MAX(Parametri!$A$17:$A$19),B16<20,B16>60),"L o h fuori campo: estrapolazione",IF(OR($B$4*$B$7/B16<MAX(INDEX(Riepilogo!$H$5:$H$7,C16),INDEX(Riepilogo!$H$5:$H$7,C16+1))*0.99,$B$4*$B$7/B16>MIN(INDEX(Riepilogo!$I$5:$I$7,C16),INDEX(Riepilogo!$I$5:$I$7,C16+1))*1.01),"Q fuori dal campo simulato (estrapolazione)",IF(NOT(ISNUMBER(J16)),"vₜ non raggiunta / < 0,5 m",IF(H16>I16,"vₜ nel plateau/transizione: L poco significativo",IF(J16>Parametri!$B$7,"Oltre x max: troncato dal pavimento",IF(B16=$B$7,"OK","OK (stima per similarità)")))))) -> OK (stima per similarità) | M16: =$G16*SQRT($B16/$B$7)*MAX(0.001,(1-$D16)*INDEX(Curve!$G$1:$G$100,4+($C16-1)*24+1+M$9*2)+$D16*INDEX(Curve!$G$1:$G$100,4+$C16*24+1+M$9*2)) -> 0.69089593 | N16: =$G16*SQRT($B16/$B$7)*MAX(0.001,(1-$D16)*INDEX(Curve!$G$1:$G$100,4+($C16-1)*24+1+N$9*2)+$D16*INDEX(Curve!$G$1:$G$100,4+$C16*24+1+N$9*2)) -> 0.66193315 | O16: =$G16*SQRT($B16/$B$7)*MAX(0.001,(1-$D16)*INDEX(Curve!$G$1:$G$100,4+($C16-1)*24+1+O$9*2)+$D16*INDEX(Curve!$G$1:$G$100,4+$C16*24+1+O$9*2)) -> 0.63127734 | P16: =$G16*SQRT($B16/$B$7)*MAX(0.001,(1-$D16)*INDEX(Curve!$G$1:$G$100,4+($C16-1)*24+1+P$9*2)+$D16*INDEX(Curve!$G$1:$G$100,4+$C16*24+1+P$9*2)) -> 0.60306715 | Q16: =$G16*SQRT($B16/$B$7)*MAX(0.001,(1-$D16)*INDEX(Curve!$G$1:$G$100,4+($C16-1)*24+1+Q$9*2)+$D16*INDEX(Curve!$G$1:$G$100,4+$C16*24+1+Q$9*2)) -> 0.57231326 | R16: =$G16*SQRT($B16/$B$7)*MAX(0.001,(1-$D16)*INDEX(Curve!$G$1:$G$100,4+($C16-1)*24+1+R$9*2)+$D16*INDEX(Curve!$G$1:$G$100,4+$C16*24+1+R$9*2)) -> 0.53392337 | S16: =$G16*SQRT($B16/$B$7)*MAX(0.001,(1-$D16)*INDEX(Curve!$G$1:$G$100,4+($C16-1)*24+1+S$9*2)+$D16*INDEX(Curve!$G$1:$G$100,4+$C16*24+1+S$9*2)) -> 0.49081612 | T16: =$G16*SQRT($B16/$B$7)*MAX(0.001,(1-$D16)*INDEX(Curve!$G$1:$G$100,4+($C16-1)*24+1+T$9*2)+$D16*INDEX(Curve!$G$1:$G$100,4+$C16*24+1+T$9*2)) -> 0.45296241 | ... AE16: =$G16*SQRT($B16/$B$7)*MAX(0.001,(1-$D16)*INDEX(Curve!$G$1:$G$100,4+($C16-1)*24+1+AE$9*2)+$D16*INDEX(Curve!$G$1:$G$100,4+$C16*24+1+AE$9*2)) -> 0.12142459 | AF16: {=SUMPRODUCT(MAX(ISNUMBER(M16:AD16)*ISNUMBER(N16:AE16)*(M16:AD16>=$B$5)*(N16:AE16<$B$5)*(COLUMN(M16:AD16)-COLUMN(M16)+1)))} -> 15 | AG16: =IF(OR(AF16="",AF16=0),"",INDEX(M$9:AE$9,AF16)) -> 7.5 | AH16: =IF(AG16="","",INDEX(M$9:AE$9,AF16+1)) -> 8 | AI16: =IF(AG16="","",INDEX(M16:AE16,AF16)) -> 0.25842578 | AJ16: =IF(AG16="","",INDEX(M16:AE16,AF16+1)) -> 0.23901995 | AK16: =IFERROR(MATCH($B$6,M$9:AE$9,1),"") -> 16
A17: 1000 | B17: 30 | C17: =IFERROR(MIN(MATCH(A17,Parametri!$A$17:$A$19,1),2),1) -> 2 | D17: =(A17-INDEX(Parametri!$A$17:$A$19,C17))/(INDEX(Parametri!$A$17:$A$19,C17+1)-INDEX(Parametri!$A$17:$A$19,C17)) -> 0 | E17: =(1-D17)*INDEX(Riepilogo!$C$5:$C$7,C17)+D17*INDEX(Riepilogo!$C$5:$C$7,C17+1) -> 0.53159127 | F17: =A17/1000*B17/1000*E17 -> 0.015947738 | G17: =$B$4/3600/F17 -> 2.6127007 | H17: =$B$5/G17 -> 0.095686428 | I17: =SQRT(B17/$B$7)*((1-D17)*INDEX(Riepilogo!$F$5:$F$7,C17)+D17*INDEX(Riepilogo!$F$5:$F$7,C17+1)) -> 0.12990381 | J17: =IF(AG17="",IF(ISNUMBER(M17),IF(M17<$B$5,"< 0,5","n.d."),"n.d."),EXP(LN(AG17)+(LN($B$5)-LN(AI17))*(LN(AH17)-LN(AG17))/(LN(AJ17)-LN(AI17)))) -> 6.7449069 | K17: =IF(AK17="","",IFERROR(EXP(LN(INDEX(M17:AE17,AK17))+(LN($B$6)-LN(INDEX(M$9:AE$9,AK17)))*(LN(INDEX(M17:AE17,AK17+1))-LN(INDEX(M17:AE17,AK17)))/(LN(INDEX(M$9:AE$9,AK17+1))-LN(INDEX(M$9:AE$9,AK17)))),"")) -> 0.19942253 | L17: =IF(OR(A17<MIN(Parametri!$A$17:$A$19),A17>MAX(Parametri!$A$17:$A$19),B17<20,B17>60),"L o h fuori campo: estrapolazione",IF(OR($B$4*$B$7/B17<MAX(INDEX(Riepilogo!$H$5:$H$7,C17),INDEX(Riepilogo!$H$5:$H$7,C17+1))*0.99,$B$4*$B$7/B17>MIN(INDEX(Riepilogo!$I$5:$I$7,C17),INDEX(Riepilogo!$I$5:$I$7,C17+1))*1.01),"Q fuori dal campo simulato (estrapolazione)",IF(NOT(ISNUMBER(J17)),"vₜ non raggiunta / < 0,5 m",IF(H17>I17,"vₜ nel plateau/transizione: L poco significativo",IF(J17>Parametri!$B$7,"Oltre x max: troncato dal pavimento",IF(B17=$B$7,"OK","OK (stima per similarità)")))))) -> OK (stima per similarità) | M17: =$G17*SQRT($B17/$B$7)*MAX(0.001,(1-$D17)*INDEX(Curve!$G$1:$G$100,4+($C17-1)*24+1+M$9*2)+$D17*INDEX(Curve!$G$1:$G$100,4+$C17*24+1+M$9*2)) -> 0.49689658 | N17: =$G17*SQRT($B17/$B$7)*MAX(0.001,(1-$D17)*INDEX(Curve!$G$1:$G$100,4+($C17-1)*24+1+N$9*2)+$D17*INDEX(Curve!$G$1:$G$100,4+$C17*24+1+N$9*2)) -> 0.48816445 | O17: =$G17*SQRT($B17/$B$7)*MAX(0.001,(1-$D17)*INDEX(Curve!$G$1:$G$100,4+($C17-1)*24+1+O$9*2)+$D17*INDEX(Curve!$G$1:$G$100,4+$C17*24+1+O$9*2)) -> 0.48940007 | P17: =$G17*SQRT($B17/$B$7)*MAX(0.001,(1-$D17)*INDEX(Curve!$G$1:$G$100,4+($C17-1)*24+1+P$9*2)+$D17*INDEX(Curve!$G$1:$G$100,4+$C17*24+1+P$9*2)) -> 0.48239471 | Q17: =$G17*SQRT($B17/$B$7)*MAX(0.001,(1-$D17)*INDEX(Curve!$G$1:$G$100,4+($C17-1)*24+1+Q$9*2)+$D17*INDEX(Curve!$G$1:$G$100,4+$C17*24+1+Q$9*2)) -> 0.46688294 | R17: =$G17*SQRT($B17/$B$7)*MAX(0.001,(1-$D17)*INDEX(Curve!$G$1:$G$100,4+($C17-1)*24+1+R$9*2)+$D17*INDEX(Curve!$G$1:$G$100,4+$C17*24+1+R$9*2)) -> 0.44591891 | S17: =$G17*SQRT($B17/$B$7)*MAX(0.001,(1-$D17)*INDEX(Curve!$G$1:$G$100,4+($C17-1)*24+1+S$9*2)+$D17*INDEX(Curve!$G$1:$G$100,4+$C17*24+1+S$9*2)) -> 0.41531165 | T17: =$G17*SQRT($B17/$B$7)*MAX(0.001,(1-$D17)*INDEX(Curve!$G$1:$G$100,4+($C17-1)*24+1+T$9*2)+$D17*INDEX(Curve!$G$1:$G$100,4+$C17*24+1+T$9*2)) -> 0.38593185 | ... AE17: =$G17*SQRT($B17/$B$7)*MAX(0.001,(1-$D17)*INDEX(Curve!$G$1:$G$100,4+($C17-1)*24+1+AE$9*2)+$D17*INDEX(Curve!$G$1:$G$100,4+$C17*24+1+AE$9*2)) -> 0.10293103 | AF17: {=SUMPRODUCT(MAX(ISNUMBER(M17:AD17)*ISNUMBER(N17:AE17)*(M17:AD17>=$B$5)*(N17:AE17<$B$5)*(COLUMN(M17:AD17)-COLUMN(M17)+1)))} -> 13 | AG17: =IF(OR(AF17="",AF17=0),"",INDEX(M$9:AE$9,AF17)) -> 6.5 | AH17: =IF(AG17="","",INDEX(M$9:AE$9,AF17+1)) -> 7 | AI17: =IF(AG17="","",INDEX(M17:AE17,AF17)) -> 0.25945249 | AJ17: =IF(AG17="","",INDEX(M17:AE17,AF17+1)) -> 0.24085878 | AK17: =IFERROR(MATCH($B$6,M$9:AE$9,1),"") -> 16
A18: 1250 | B18: 30 | C18: =IFERROR(MIN(MATCH(A18,Parametri!$A$17:$A$19,1),2),1) -> 2 | D18: =(A18-INDEX(Parametri!$A$17:$A$19,C18))/(INDEX(Parametri!$A$17:$A$19,C18+1)-INDEX(Parametri!$A$17:$A$19,C18)) -> 0.5 | E18: =(1-D18)*INDEX(Riepilogo!$C$5:$C$7,C18)+D18*INDEX(Riepilogo!$C$5:$C$7,C18+1) -> 0.50761239 | F18: =A18/1000*B18/1000*E18 -> 0.019035465 | G18: =$B$4/3600/F18 -> 2.1888968 | H18: =$B$5/G18 -> 0.11421279 | I18: =SQRT(B18/$B$7)*((1-D18)*INDEX(Riepilogo!$F$5:$F$7,C18)+D18*INDEX(Riepilogo!$F$5:$F$7,C18+1)) -> 0.13206887 | J18: =IF(AG18="",IF(ISNUMBER(M18),IF(M18<$B$5,"< 0,5","n.d."),"n.d."),EXP(LN(AG18)+(LN($B$5)-LN(AI18))*(LN(AH18)-LN(AG18))/(LN(AJ18)-LN(AI18)))) -> 5.3152308 | K18: =IF(AK18="","",IFERROR(EXP(LN(INDEX(M18:AE18,AK18))+(LN($B$6)-LN(INDEX(M$9:AE$9,AK18)))*(LN(INDEX(M18:AE18,AK18+1))-LN(INDEX(M18:AE18,AK18)))/(LN(INDEX(M$9:AE$9,AK18+1))-LN(INDEX(M$9:AE$9,AK18)))),"")) -> 0.16434492 | L18: =IF(OR(A18<MIN(Parametri!$A$17:$A$19),A18>MAX(Parametri!$A$17:$A$19),B18<20,B18>60),"L o h fuori campo: estrapolazione",IF(OR($B$4*$B$7/B18<MAX(INDEX(Riepilogo!$H$5:$H$7,C18),INDEX(Riepilogo!$H$5:$H$7,C18+1))*0.99,$B$4*$B$7/B18>MIN(INDEX(Riepilogo!$I$5:$I$7,C18),INDEX(Riepilogo!$I$5:$I$7,C18+1))*1.01),"Q fuori dal campo simulato (estrapolazione)",IF(NOT(ISNUMBER(J18)),"vₜ non raggiunta / < 0,5 m",IF(H18>I18,"vₜ nel plateau/transizione: L poco significativo",IF(J18>Parametri!$B$7,"Oltre x max: troncato dal pavimento",IF(B18=$B$7,"OK","OK (stima per similarità)")))))) -> OK (stima per similarità) | M18: =$G18*SQRT($B18/$B$7)*MAX(0.001,(1-$D18)*INDEX(Curve!$G$1:$G$100,4+($C18-1)*24+1+M$9*2)+$D18*INDEX(Curve!$G$1:$G$100,4+$C18*24+1+M$9*2)) -> 0.51381162 | N18: =$G18*SQRT($B18/$B$7)*MAX(0.001,(1-$D18)*INDEX(Curve!$G$1:$G$100,4+($C18-1)*24+1+N$9*2)+$D18*INDEX(Curve!$G$1:$G$100,4+$C18*24+1+N$9*2)) -> 0.38606819 | O18: =$G18*SQRT($B18/$B$7)*MAX(0.001,(1-$D18)*INDEX(Curve!$G$1:$G$100,4+($C18-1)*24+1+O$9*2)+$D18*INDEX(Curve!$G$1:$G$100,4+$C18*24+1+O$9*2)) -> 0.36504077 | P18: =$G18*SQRT($B18/$B$7)*MAX(0.001,(1-$D18)*INDEX(Curve!$G$1:$G$100,4+($C18-1)*24+1+P$9*2)+$D18*INDEX(Curve!$G$1:$G$100,4+$C18*24+1+P$9*2)) -> 0.35317337 | Q18: =$G18*SQRT($B18/$B$7)*MAX(0.001,(1-$D18)*INDEX(Curve!$G$1:$G$100,4+($C18-1)*24+1+Q$9*2)+$D18*INDEX(Curve!$G$1:$G$100,4+$C18*24+1+Q$9*2)) -> 0.34285059 | R18: =$G18*SQRT($B18/$B$7)*MAX(0.001,(1-$D18)*INDEX(Curve!$G$1:$G$100,4+($C18-1)*24+1+R$9*2)+$D18*INDEX(Curve!$G$1:$G$100,4+$C18*24+1+R$9*2)) -> 0.33116866 | S18: =$G18*SQRT($B18/$B$7)*MAX(0.001,(1-$D18)*INDEX(Curve!$G$1:$G$100,4+($C18-1)*24+1+S$9*2)+$D18*INDEX(Curve!$G$1:$G$100,4+$C18*24+1+S$9*2)) -> 0.31487214 | T18: =$G18*SQRT($B18/$B$7)*MAX(0.001,(1-$D18)*INDEX(Curve!$G$1:$G$100,4+($C18-1)*24+1+T$9*2)+$D18*INDEX(Curve!$G$1:$G$100,4+$C18*24+1+T$9*2)) -> 0.29629544 | ... AE18: =$G18*SQRT($B18/$B$7)*MAX(0.001,(1-$D18)*INDEX(Curve!$G$1:$G$100,4+($C18-1)*24+1+AE$9*2)+$D18*INDEX(Curve!$G$1:$G$100,4+$C18*24+1+AE$9*2)) -> 0.088056043 | AF18: {=SUMPRODUCT(MAX(ISNUMBER(M18:AD18)*ISNUMBER(N18:AE18)*(M18:AD18>=$B$5)*(N18:AE18<$B$5)*(COLUMN(M18:AD18)-COLUMN(M18)+1)))} -> 10 | AG18: =IF(OR(AF18="",AF18=0),"",INDEX(M$9:AE$9,AF18)) -> 5 | AH18: =IF(AG18="","",INDEX(M$9:AE$9,AF18+1)) -> 5.5 | AI18: =IF(AG18="","",INDEX(M18:AE18,AF18)) -> 0.26360505 | AJ18: =IF(AG18="","",INDEX(M18:AE18,AF18+1)) -> 0.24270411 | AK18: =IFERROR(MATCH($B$6,M$9:AE$9,1),"") -> 16
A19: 1500 | B19: 30 | C19: =IFERROR(MIN(MATCH(A19,Parametri!$A$17:$A$19,1),2),1) -> 2 | D19: =(A19-INDEX(Parametri!$A$17:$A$19,C19))/(INDEX(Parametri!$A$17:$A$19,C19+1)-INDEX(Parametri!$A$17:$A$19,C19)) -> 1 | E19: =(1-D19)*INDEX(Riepilogo!$C$5:$C$7,C19)+D19*INDEX(Riepilogo!$C$5:$C$7,C19+1) -> 0.48363351 | F19: =A19/1000*B19/1000*E19 -> 0.021763508 | G19: =$B$4/3600/F19 -> 1.9145198 | H19: =$B$5/G19 -> 0.13058105 | I19: =SQRT(B19/$B$7)*((1-D19)*INDEX(Riepilogo!$F$5:$F$7,C19)+D19*INDEX(Riepilogo!$F$5:$F$7,C19+1)) -> 0.13423394 | J19: =IF(AG19="",IF(ISNUMBER(M19),IF(M19<$B$5,"< 0,5","n.d."),"n.d."),EXP(LN(AG19)+(LN($B$5)-LN(AI19))*(LN(AH19)-LN(AG19))/(LN(AJ19)-LN(AI19)))) -> 3.1993965 | K19: =IF(AK19="","",IFERROR(EXP(LN(INDEX(M19:AE19,AK19))+(LN($B$6)-LN(INDEX(M$9:AE$9,AK19)))*(LN(INDEX(M19:AE19,AK19+1))-LN(INDEX(M19:AE19,AK19)))/(LN(INDEX(M$9:AE$9,AK19+1))-LN(INDEX(M$9:AE$9,AK19)))),"")) -> 0.14135706 | L19: =IF(OR(A19<MIN(Parametri!$A$17:$A$19),A19>MAX(Parametri!$A$17:$A$19),B19<20,B19>60),"L o h fuori campo: estrapolazione",IF(OR($B$4*$B$7/B19<MAX(INDEX(Riepilogo!$H$5:$H$7,C19),INDEX(Riepilogo!$H$5:$H$7,C19+1))*0.99,$B$4*$B$7/B19>MIN(INDEX(Riepilogo!$I$5:$I$7,C19),INDEX(Riepilogo!$I$5:$I$7,C19+1))*1.01),"Q fuori dal campo simulato (estrapolazione)",IF(NOT(ISNUMBER(J19)),"vₜ non raggiunta / < 0,5 m",IF(H19>I19,"vₜ nel plateau/transizione: L poco significativo",IF(J19>Parametri!$B$7,"Oltre x max: troncato dal pavimento",IF(B19=$B$7,"OK","OK (stima per similarità)")))))) -> OK (stima per similarità) | M19: =$G19*SQRT($B19/$B$7)*MAX(0.001,(1-$D19)*INDEX(Curve!$G$1:$G$100,4+($C19-1)*24+1+M$9*2)+$D19*INDEX(Curve!$G$1:$G$100,4+$C19*24+1+M$9*2)) -> 0.53469823 | N19: =$G19*SQRT($B19/$B$7)*MAX(0.001,(1-$D19)*INDEX(Curve!$G$1:$G$100,4+($C19-1)*24+1+N$9*2)+$D19*INDEX(Curve!$G$1:$G$100,4+$C19*24+1+N$9*2)) -> 0.31763518 | O19: =$G19*SQRT($B19/$B$7)*MAX(0.001,(1-$D19)*INDEX(Curve!$G$1:$G$100,4+($C19-1)*24+1+O$9*2)+$D19*INDEX(Curve!$G$1:$G$100,4+$C19*24+1+O$9*2)) -> 0.27994647 | P19: =$G19*SQRT($B19/$B$7)*MAX(0.001,(1-$D19)*INDEX(Curve!$G$1:$G$100,4+($C19-1)*24+1+P$9*2)+$D19*INDEX(Curve!$G$1:$G$100,4+$C19*24+1+P$9*2)) -> 0.26432017 | Q19: =$G19*SQRT($B19/$B$7)*MAX(0.001,(1-$D19)*INDEX(Curve!$G$1:$G$100,4+($C19-1)*24+1+Q$9*2)+$D19*INDEX(Curve!$G$1:$G$100,4+$C19*24+1+Q$9*2)) -> 0.25762913 | R19: =$G19*SQRT($B19/$B$7)*MAX(0.001,(1-$D19)*INDEX(Curve!$G$1:$G$100,4+($C19-1)*24+1+R$9*2)+$D19*INDEX(Curve!$G$1:$G$100,4+$C19*24+1+R$9*2)) -> 0.25255581 | S19: =$G19*SQRT($B19/$B$7)*MAX(0.001,(1-$D19)*INDEX(Curve!$G$1:$G$100,4+($C19-1)*24+1+S$9*2)+$D19*INDEX(Curve!$G$1:$G$100,4+$C19*24+1+S$9*2)) -> 0.24647652 | T19: =$G19*SQRT($B19/$B$7)*MAX(0.001,(1-$D19)*INDEX(Curve!$G$1:$G$100,4+($C19-1)*24+1+T$9*2)+$D19*INDEX(Curve!$G$1:$G$100,4+$C19*24+1+T$9*2)) -> 0.23550904 | ... AE19: =$G19*SQRT($B19/$B$7)*MAX(0.001,(1-$D19)*INDEX(Curve!$G$1:$G$100,4+($C19-1)*24+1+AE$9*2)+$D19*INDEX(Curve!$G$1:$G$100,4+$C19*24+1+AE$9*2)) -> 0.078611325 | AF19: {=SUMPRODUCT(MAX(ISNUMBER(M19:AD19)*ISNUMBER(N19:AE19)*(M19:AD19>=$B$5)*(N19:AE19<$B$5)*(COLUMN(M19:AD19)-COLUMN(M19)+1)))} -> 6 | AG19: =IF(OR(AF19="",AF19=0),"",INDEX(M$9:AE$9,AF19)) -> 3 | AH19: =IF(AG19="","",INDEX(M$9:AE$9,AF19+1)) -> 3.5 | AI19: =IF(AG19="","",INDEX(M19:AE19,AF19)) -> 0.25255581 | AJ19: =IF(AG19="","",INDEX(M19:AE19,AF19+1)) -> 0.24647652 | AK19: =IFERROR(MATCH($B$6,M$9:AE$9,1),"") -> 16
A20: 500 | B20: 40 | C20: =IFERROR(MIN(MATCH(A20,Parametri!$A$17:$A$19,1),2),1) -> 1 | D20: =(A20-INDEX(Parametri!$A$17:$A$19,C20))/(INDEX(Parametri!$A$17:$A$19,C20+1)-INDEX(Parametri!$A$17:$A$19,C20)) -> 0 | E20: =(1-D20)*INDEX(Riepilogo!$C$5:$C$7,C20)+D20*INDEX(Riepilogo!$C$5:$C$7,C20+1) -> 0.50683116 | F20: =A20/1000*B20/1000*E20 -> 0.010136623 | G20: =$B$4/3600/F20 -> 4.1105076 | H20: =$B$5/G20 -> 0.06081974 | I20: =SQRT(B20/$B$7)*((1-D20)*INDEX(Riepilogo!$F$5:$F$7,C20)+D20*INDEX(Riepilogo!$F$5:$F$7,C20+1)) -> 0.125 | J20: =IF(AG20="",IF(ISNUMBER(M20),IF(M20<$B$5,"< 0,5","n.d."),"n.d."),EXP(LN(AG20)+(LN($B$5)-LN(AI20))*(LN(AH20)-LN(AG20))/(LN(AJ20)-LN(AI20)))) -> 8.2270888 | K20: =IF(AK20="","",IFERROR(EXP(LN(INDEX(M20:AE20,AK20))+(LN($B$6)-LN(INDEX(M$9:AE$9,AK20)))*(LN(INDEX(M20:AE20,AK20+1))-LN(INDEX(M20:AE20,AK20)))/(LN(INDEX(M$9:AE$9,AK20+1))-LN(INDEX(M$9:AE$9,AK20)))),"")) -> 0.25031676 | L20: =IF(OR(A20<MIN(Parametri!$A$17:$A$19),A20>MAX(Parametri!$A$17:$A$19),B20<20,B20>60),"L o h fuori campo: estrapolazione",IF(OR($B$4*$B$7/B20<MAX(INDEX(Riepilogo!$H$5:$H$7,C20),INDEX(Riepilogo!$H$5:$H$7,C20+1))*0.99,$B$4*$B$7/B20>MIN(INDEX(Riepilogo!$I$5:$I$7,C20),INDEX(Riepilogo!$I$5:$I$7,C20+1))*1.01),"Q fuori dal campo simulato (estrapolazione)",IF(NOT(ISNUMBER(J20)),"vₜ non raggiunta / < 0,5 m",IF(H20>I20,"vₜ nel plateau/transizione: L poco significativo",IF(J20>Parametri!$B$7,"Oltre x max: troncato dal pavimento",IF(B20=$B$7,"OK","OK (stima per similarità)")))))) -> OK | M20: =$G20*SQRT($B20/$B$7)*MAX(0.001,(1-$D20)*INDEX(Curve!$G$1:$G$100,4+($C20-1)*24+1+M$9*2)+$D20*INDEX(Curve!$G$1:$G$100,4+$C20*24+1+M$9*2)) -> 0.93615039 | N20: =$G20*SQRT($B20/$B$7)*MAX(0.001,(1-$D20)*INDEX(Curve!$G$1:$G$100,4+($C20-1)*24+1+N$9*2)+$D20*INDEX(Curve!$G$1:$G$100,4+$C20*24+1+N$9*2)) -> 0.8749282 | O20: =$G20*SQRT($B20/$B$7)*MAX(0.001,(1-$D20)*INDEX(Curve!$G$1:$G$100,4+($C20-1)*24+1+O$9*2)+$D20*INDEX(Curve!$G$1:$G$100,4+$C20*24+1+O$9*2)) -> 0.7910919 | P20: =$G20*SQRT($B20/$B$7)*MAX(0.001,(1-$D20)*INDEX(Curve!$G$1:$G$100,4+($C20-1)*24+1+P$9*2)+$D20*INDEX(Curve!$G$1:$G$100,4+$C20*24+1+P$9*2)) -> 0.72873582 | Q20: =$G20*SQRT($B20/$B$7)*MAX(0.001,(1-$D20)*INDEX(Curve!$G$1:$G$100,4+($C20-1)*24+1+Q$9*2)+$D20*INDEX(Curve!$G$1:$G$100,4+$C20*24+1+Q$9*2)) -> 0.67506288 | R20: =$G20*SQRT($B20/$B$7)*MAX(0.001,(1-$D20)*INDEX(Curve!$G$1:$G$100,4+($C20-1)*24+1+R$9*2)+$D20*INDEX(Curve!$G$1:$G$100,4+$C20*24+1+R$9*2)) -> 0.6109714 | S20: =$G20*SQRT($B20/$B$7)*MAX(0.001,(1-$D20)*INDEX(Curve!$G$1:$G$100,4+($C20-1)*24+1+S$9*2)+$D20*INDEX(Curve!$G$1:$G$100,4+$C20*24+1+S$9*2)) -> 0.55184299 | T20: =$G20*SQRT($B20/$B$7)*MAX(0.001,(1-$D20)*INDEX(Curve!$G$1:$G$100,4+($C20-1)*24+1+T$9*2)+$D20*INDEX(Curve!$G$1:$G$100,4+$C20*24+1+T$9*2)) -> 0.50446721 | ... AE20: =$G20*SQRT($B20/$B$7)*MAX(0.001,(1-$D20)*INDEX(Curve!$G$1:$G$100,4+($C20-1)*24+1+AE$9*2)+$D20*INDEX(Curve!$G$1:$G$100,4+$C20*24+1+AE$9*2)) -> 0.13618481 | AF20: {=SUMPRODUCT(MAX(ISNUMBER(M20:AD20)*ISNUMBER(N20:AE20)*(M20:AD20>=$B$5)*(N20:AE20<$B$5)*(COLUMN(M20:AD20)-COLUMN(M20)+1)))} -> 16 | AG20: =IF(OR(AF20="",AF20=0),"",INDEX(M$9:AE$9,AF20)) -> 8 | AH20: =IF(AG20="","",INDEX(M$9:AE$9,AF20+1)) -> 8.5 | AI20: =IF(AG20="","",INDEX(M20:AE20,AF20)) -> 0.26049333 | AJ20: =IF(AG20="","",INDEX(M20:AE20,AF20+1)) -> 0.23829847 | AK20: =IFERROR(MATCH($B$6,M$9:AE$9,1),"") -> 16
A21: 750 | B21: 40 | C21: =IFERROR(MIN(MATCH(A21,Parametri!$A$17:$A$19,1),2),1) -> 1 | D21: =(A21-INDEX(Parametri!$A$17:$A$19,C21))/(INDEX(Parametri!$A$17:$A$19,C21+1)-INDEX(Parametri!$A$17:$A$19,C21)) -> 0.5 | E21: =(1-D21)*INDEX(Riepilogo!$C$5:$C$7,C21)+D21*INDEX(Riepilogo!$C$5:$C$7,C21+1) -> 0.51921122 | F21: =A21/1000*B21/1000*E21 -> 0.015576336 | G21: =$B$4/3600/F21 -> 2.6749979 | H21: =$B$5/G21 -> 0.093458019 | I21: =SQRT(B21/$B$7)*((1-D21)*INDEX(Riepilogo!$F$5:$F$7,C21)+D21*INDEX(Riepilogo!$F$5:$F$7,C21+1)) -> 0.1375 | J21: =IF(AG21="",IF(ISNUMBER(M21),IF(M21<$B$5,"< 0,5","n.d."),"n.d."),EXP(LN(AG21)+(LN($B$5)-LN(AI21))*(LN(AH21)-LN(AG21))/(LN(AJ21)-LN(AI21)))) -> 6.7061637 | K21: =IF(AK21="","",IFERROR(EXP(LN(INDEX(M21:AE21,AK21))+(LN($B$6)-LN(INDEX(M$9:AE$9,AK21)))*(LN(INDEX(M21:AE21,AK21+1))-LN(INDEX(M21:AE21,AK21)))/(LN(INDEX(M$9:AE$9,AK21+1))-LN(INDEX(M$9:AE$9,AK21)))),"")) -> 0.19933175 | L21: =IF(OR(A21<MIN(Parametri!$A$17:$A$19),A21>MAX(Parametri!$A$17:$A$19),B21<20,B21>60),"L o h fuori campo: estrapolazione",IF(OR($B$4*$B$7/B21<MAX(INDEX(Riepilogo!$H$5:$H$7,C21),INDEX(Riepilogo!$H$5:$H$7,C21+1))*0.99,$B$4*$B$7/B21>MIN(INDEX(Riepilogo!$I$5:$I$7,C21),INDEX(Riepilogo!$I$5:$I$7,C21+1))*1.01),"Q fuori dal campo simulato (estrapolazione)",IF(NOT(ISNUMBER(J21)),"vₜ non raggiunta / < 0,5 m",IF(H21>I21,"vₜ nel plateau/transizione: L poco significativo",IF(J21>Parametri!$B$7,"Oltre x max: troncato dal pavimento",IF(B21=$B$7,"OK","OK (stima per similarità)")))))) -> OK | M21: =$G21*SQRT($B21/$B$7)*MAX(0.001,(1-$D21)*INDEX(Curve!$G$1:$G$100,4+($C21-1)*24+1+M$9*2)+$D21*INDEX(Curve!$G$1:$G$100,4+$C21*24+1+M$9*2)) -> 0.59833343 | N21: =$G21*SQRT($B21/$B$7)*MAX(0.001,(1-$D21)*INDEX(Curve!$G$1:$G$100,4+($C21-1)*24+1+N$9*2)+$D21*INDEX(Curve!$G$1:$G$100,4+$C21*24+1+N$9*2)) -> 0.57325092 | O21: =$G21*SQRT($B21/$B$7)*MAX(0.001,(1-$D21)*INDEX(Curve!$G$1:$G$100,4+($C21-1)*24+1+O$9*2)+$D21*INDEX(Curve!$G$1:$G$100,4+$C21*24+1+O$9*2)) -> 0.54670221 | P21: =$G21*SQRT($B21/$B$7)*MAX(0.001,(1-$D21)*INDEX(Curve!$G$1:$G$100,4+($C21-1)*24+1+P$9*2)+$D21*INDEX(Curve!$G$1:$G$100,4+$C21*24+1+P$9*2)) -> 0.52227147 | Q21: =$G21*SQRT($B21/$B$7)*MAX(0.001,(1-$D21)*INDEX(Curve!$G$1:$G$100,4+($C21-1)*24+1+Q$9*2)+$D21*INDEX(Curve!$G$1:$G$100,4+$C21*24+1+Q$9*2)) -> 0.49563782 | R21: =$G21*SQRT($B21/$B$7)*MAX(0.001,(1-$D21)*INDEX(Curve!$G$1:$G$100,4+($C21-1)*24+1+R$9*2)+$D21*INDEX(Curve!$G$1:$G$100,4+$C21*24+1+R$9*2)) -> 0.46239121 | S21: =$G21*SQRT($B21/$B$7)*MAX(0.001,(1-$D21)*INDEX(Curve!$G$1:$G$100,4+($C21-1)*24+1+S$9*2)+$D21*INDEX(Curve!$G$1:$G$100,4+$C21*24+1+S$9*2)) -> 0.42505923 | T21: =$G21*SQRT($B21/$B$7)*MAX(0.001,(1-$D21)*INDEX(Curve!$G$1:$G$100,4+($C21-1)*24+1+T$9*2)+$D21*INDEX(Curve!$G$1:$G$100,4+$C21*24+1+T$9*2)) -> 0.39227696 | ... AE21: =$G21*SQRT($B21/$B$7)*MAX(0.001,(1-$D21)*INDEX(Curve!$G$1:$G$100,4+($C21-1)*24+1+AE$9*2)+$D21*INDEX(Curve!$G$1:$G$100,4+$C21*24+1+AE$9*2)) -> 0.10515678 | AF21: {=SUMPRODUCT(MAX(ISNUMBER(M21:AD21)*ISNUMBER(N21:AE21)*(M21:AD21>=$B$5)*(N21:AE21<$B$5)*(COLUMN(M21:AD21)-COLUMN(M21)+1)))} -> 13 | AG21: =IF(OR(AF21="",AF21=0),"",INDEX(M$9:AE$9,AF21)) -> 6.5 | AH21: =IF(AG21="","",INDEX(M$9:AE$9,AF21+1)) -> 7 | AI21: =IF(AG21="","",INDEX(M21:AE21,AF21)) -> 0.25782445 | AJ21: =IF(AG21="","",INDEX(M21:AE21,AF21+1)) -> 0.23963972 | AK21: =IFERROR(MATCH($B$6,M$9:AE$9,1),"") -> 16
... A29: 1500 | B29: 60 | C29: =IFERROR(MIN(MATCH(A29,Parametri!$A$17:$A$19,1),2),1) -> 2 | D29: =(A29-INDEX(Parametri!$A$17:$A$19,C29))/(INDEX(Parametri!$A$17:$A$19,C29+1)-INDEX(Parametri!$A$17:$A$19,C29)) -> 1 | E29: =(1-D29)*INDEX(Riepilogo!$C$5:$C$7,C29)+D29*INDEX(Riepilogo!$C$5:$C$7,C29+1) -> 0.48363351 | F29: =A29/1000*B29/1000*E29 -> 0.043527016 | G29: =$B$4/3600/F29 -> 0.9572599 | H29: =$B$5/G29 -> 0.26116209 | I29: =SQRT(B29/$B$7)*((1-D29)*INDEX(Riepilogo!$F$5:$F$7,C29)+D29*INDEX(Riepilogo!$F$5:$F$7,C29+1)) -> 0.18983546 | J29: =IF(AG29="",IF(ISNUMBER(M29),IF(M29<$B$5,"< 0,5","n.d."),"n.d."),EXP(LN(AG29)+(LN($B$5)-LN(AI29))*(LN(AH29)-LN(AG29))/(LN(AJ29)-LN(AI29)))) -> 0.8671148 | K29: =IF(AK29="","",IFERROR(EXP(LN(INDEX(M29:AE29,AK29))+(LN($B$6)-LN(INDEX(M$9:AE$9,AK29)))*(LN(INDEX(M29:AE29,AK29+1))-LN(INDEX(M29:AE29,AK29)))/(LN(INDEX(M$9:AE$9,AK29+1))-LN(INDEX(M$9:AE$9,AK29)))),"")) -> 0.099954538 | L29: =IF(OR(A29<MIN(Parametri!$A$17:$A$19),A29>MAX(Parametri!$A$17:$A$19),B29<20,B29>60),"L o h fuori campo: estrapolazione",IF(OR($B$4*$B$7/B29<MAX(INDEX(Riepilogo!$H$5:$H$7,C29),INDEX(Riepilogo!$H$5:$H$7,C29+1))*0.99,$B$4*$B$7/B29>MIN(INDEX(Riepilogo!$I$5:$I$7,C29),INDEX(Riepilogo!$I$5:$I$7,C29+1))*1.01),"Q fuori dal campo simulato (estrapolazione)",IF(NOT(ISNUMBER(J29)),"vₜ non raggiunta / < 0,5 m",IF(H29>I29,"vₜ nel plateau/transizione: L poco significativo",IF(J29>Parametri!$B$7,"Oltre x max: troncato dal pavimento",IF(B29=$B$7,"OK","OK (stima per similarità)")))))) -> vₜ nel plateau/transizione: L poco significativo | M29: =$G29*SQRT($B29/$B$7)*MAX(0.001,(1-$D29)*INDEX(Curve!$G$1:$G$100,4+($C29-1)*24+1+M$9*2)+$D29*INDEX(Curve!$G$1:$G$100,4+$C29*24+1+M$9*2)) -> 0.37808874 | N29: =$G29*SQRT($B29/$B$7)*MAX(0.001,(1-$D29)*INDEX(Curve!$G$1:$G$100,4+($C29-1)*24+1+N$9*2)+$D29*INDEX(Curve!$G$1:$G$100,4+$C29*24+1+N$9*2)) -> 0.22460199 | O29: =$G29*SQRT($B29/$B$7)*MAX(0.001,(1-$D29)*INDEX(Curve!$G$1:$G$100,4+($C29-1)*24+1+O$9*2)+$D29*INDEX(Curve!$G$1:$G$100,4+$C29*24+1+O$9*2)) -> 0.19795205 | P29: =$G29*SQRT($B29/$B$7)*MAX(0.001,(1-$D29)*INDEX(Curve!$G$1:$G$100,4+($C29-1)*24+1+P$9*2)+$D29*INDEX(Curve!$G$1:$G$100,4+$C29*24+1+P$9*2)) -> 0.18690258 | Q29: =$G29*SQRT($B29/$B$7)*MAX(0.001,(1-$D29)*INDEX(Curve!$G$1:$G$100,4+($C29-1)*24+1+Q$9*2)+$D29*INDEX(Curve!$G$1:$G$100,4+$C29*24+1+Q$9*2)) -> 0.1821713 | R29: =$G29*SQRT($B29/$B$7)*MAX(0.001,(1-$D29)*INDEX(Curve!$G$1:$G$100,4+($C29-1)*24+1+R$9*2)+$D29*INDEX(Curve!$G$1:$G$100,4+$C29*24+1+R$9*2)) -> 0.17858393 | S29: =$G29*SQRT($B29/$B$7)*MAX(0.001,(1-$D29)*INDEX(Curve!$G$1:$G$100,4+($C29-1)*24+1+S$9*2)+$D29*INDEX(Curve!$G$1:$G$100,4+$C29*24+1+S$9*2)) -> 0.17428522 | T29: =$G29*SQRT($B29/$B$7)*MAX(0.001,(1-$D29)*INDEX(Curve!$G$1:$G$100,4+($C29-1)*24+1+T$9*2)+$D29*INDEX(Curve!$G$1:$G$100,4+$C29*24+1+T$9*2)) -> 0.16653004 | ... AE29: =$G29*SQRT($B29/$B$7)*MAX(0.001,(1-$D29)*INDEX(Curve!$G$1:$G$100,4+($C29-1)*24+1+AE$9*2)+$D29*INDEX(Curve!$G$1:$G$100,4+$C29*24+1+AE$9*2)) -> 0.055586601 | AF29: {=SUMPRODUCT(MAX(ISNUMBER(M29:AD29)*ISNUMBER(N29:AE29)*(M29:AD29>=$B$5)*(N29:AE29<$B$5)*(COLUMN(M29:AD29)-COLUMN(M29)+1)))} -> 1 | AG29: =IF(OR(AF29="",AF29=0),"",INDEX(M$9:AE$9,AF29)) -> 0.5 | AH29: =IF(AG29="","",INDEX(M$9:AE$9,AF29+1)) -> 1 | AI29: =IF(AG29="","",INDEX(M29:AE29,AF29)) -> 0.37808874 | AJ29: =IF(AG29="","",INDEX(M29:AE29,AF29+1)) -> 0.22460199 | AK29: =IFERROR(MATCH($B$6,M$9:AE$9,1),"") -> 16
A32: Lancio a vₜ [m] (righe: h, colonne: L)
A33: h [mm] \ L [mm] | B33: =A10 -> 500 | C33: =A11 -> 750 | D33: =A12 -> 1000 | E33: =A13 -> 1250 | F33: =A14 -> 1500
A34: =B10 -> 20 | B34: =INDEX($J$10:$J$29,1) -> 9.1804302 | C34: =INDEX($J$10:$J$29,2) -> 8.7373025 | D34: =INDEX($J$10:$J$29,3) -> 8.0779904 | E34: =INDEX($J$10:$J$29,4) -> 6.6993233 | F34: =INDEX($J$10:$J$29,5) -> 5.4118166
A35: =B15 -> 30 | B35: =INDEX($J$10:$J$29,6) -> 8.8222734 | C35: =INDEX($J$10:$J$29,7) -> 7.708382 | D35: =INDEX($J$10:$J$29,8) -> 6.7449069 | E35: =INDEX($J$10:$J$29,9) -> 5.3152308 | F35: =INDEX($J$10:$J$29,10) -> 3.1993965
A36: =B20 -> 40 | B36: =INDEX($J$10:$J$29,11) -> 8.2270888 | C36: =INDEX($J$10:$J$29,12) -> 6.7061637 | D36: =INDEX($J$10:$J$29,13) -> 5.8181706 | E36: =INDEX($J$10:$J$29,14) -> 4.22326 | F36: =INDEX($J$10:$J$29,15) -> 1.3592057
A37: =B25 -> 60 | B37: =INDEX($J$10:$J$29,16) -> 6.8275396 | C37: =INDEX($J$10:$J$29,17) -> 5.4321884 | D37: =INDEX($J$10:$J$29,18) -> 4.6127771 | E37: =INDEX($J$10:$J$29,19) -> 1.9813654 | F37: =INDEX($J$10:$J$29,20) -> 0.8671148
A39: vₓ in zona occupata [m/s] (righe: h, colonne: L)
A40: h [mm] \ L [mm] | B40: =A10 -> 500 | C40: =A11 -> 750 | D40: =A12 -> 1000 | E40: =A13 -> 1250 | F40: =A14 -> 1500
A41: =B10 -> 20 | B41: =INDEX($K$10:$K$29,1) -> 0.35400136 | C41: =INDEX($K$10:$K$29,2) -> 0.28189766 | D41: =INDEX($K$10:$K$29,3) -> 0.24424172 | E41: =INDEX($K$10:$K$29,4) -> 0.2012806 | F41: =INDEX($K$10:$K$29,5) -> 0.17312634
A42: =B15 -> 30 | B42: =INDEX($K$10:$K$29,6) -> 0.2890409 | C42: =INDEX($K$10:$K$29,7) -> 0.23016848 | D42: =INDEX($K$10:$K$29,8) -> 0.19942253 | E42: =INDEX($K$10:$K$29,9) -> 0.16434492 | F42: =INDEX($K$10:$K$29,10) -> 0.14135706
A43: =B20 -> 40 | B43: =INDEX($K$10:$K$29,11) -> 0.25031676 | C43: =INDEX($K$10:$K$29,12) -> 0.19933175 | D43: =INDEX($K$10:$K$29,13) -> 0.17270497 | E43: =INDEX($K$10:$K$29,14) -> 0.14232688 | F43: =INDEX($K$10:$K$29,15) -> 0.12241881
A44: =B25 -> 60 | B44: =INDEX($K$10:$K$29,16) -> 0.20438278 | C44: =INDEX($K$10:$K$29,17) -> 0.16275369 | D44: =INDEX($K$10:$K$29,18) -> 0.14101302 | E44: =INDEX($K$10:$K$29,19) -> 0.11620941 | F44: =INDEX($K$10:$K$29,20) -> 0.099954538
A46: Le matrici leggono le righe della tabella nell'ordine in cui sono scritte (blocchi per h, 5 lunghezze ciascuno): se cambi L e h in tabella cambiano anche le intestazioni.

Sheet H_Catalogo
A1: Catalogo lancio orizzontale: velocità e lancio per qualsiasi L e Q
A2: vₓ(x) = Q·g(x), con g = v/Q interpolato tra le portate simulate e (come g·L) tra le lunghezze CFD (500 / 1000 / 1500 mm). Parete a 6 m dal diffusore, isotermia.
A4: Lunghezza diffusore L [mm] | B4: 1500
A5: Portata Q [m³/h] | B5: 450
A6: Velocità terminale vₜ [m/s] | B6: =H_Parametri!B8 -> 0.25
A7: Distanza di verifica x_v [m] | B7: =H_Parametri!B7 -> 5
A9: Interpolazione sulla lunghezza
A10: Lunghezze con dati | B10: =H_Parametri!B10 -> 3
A11: Indice lunghezza inferiore | B11: =IFERROR(MAX(1,MIN(MATCH(B4,H_Parametri!$A$14:$A$16,1),B10-1)),1) -> 2
A12: Lunghezza CFD inferiore [mm] | B12: =INDEX(H_Parametri!$A$14:$A$16,B11) -> 1000
A13: Lunghezza CFD superiore [mm] | B13: =INDEX(H_Parametri!$A$14:$A$16,B11+1) -> 1500
A14: Peso w (0 = inferiore, 1 = superiore) | B14: =(B4-B12)/(B13-B12) -> 1
A15: Q minimo dei dati (interpolato) [m³/h] | B15: =IFERROR((1-B14)*INDEX(H_Parametri!$E$14:$E$16,B11)+B14*INDEX(H_Parametri!$E$14:$E$16,B11+1),0) -> 80
A16: Q massimo dei dati (interpolato) [m³/h] | B16: =IFERROR((1-B14)*INDEX(H_Parametri!$F$14:$F$16,B11)+B14*INDEX(H_Parametri!$F$14:$F$16,B11+1),1000000000) -> 450
A17: x massimo valido (parete) [m] | B17: =H_Parametri!B7 -> 5
A18: Stato interpolazione | B18: =IF(B10<2,"Servono dati per almeno 2 lunghezze (vedi H_Parametri)",IF(OR(B4<INDEX(H_Parametri!$A$14:$A$16,1),B4>INDEX(H_Parametri!$A$14:$A$16,H_Parametri!$B$10)),"ESTRAPOLAZIONE: L fuori "&INDEX(H_Parametri!$A$14:$A$16,1)&"–"&INDEX(H_Parametri!$A$14:$A$16,H_Parametri!$B$10)&" mm, non validato","Interpolazione tra L = "&B12&" e "&B13&" mm")) -> Interpolazione tra L = 1000 e 1500 mm
A20: Risultato per Q = B5
A21: v₀ efficace [m/s] | B21: =B29 -> 5.6323148
A22: A efficace equivalente [m²] | B22: =IFERROR(A29/3600/B29,"") -> 0.022193362
A23: Lancio L a vₜ [m] | B23: =D29 -> 5.4128725
A24: vₓ a distanza x_v [m/s] | B24: =E29 -> 0.35016733
A25: Q minima per vₓ(x_v) ≥ vₜ, da tabella [m³/h] | B25: =AI29 -> > 300
A26: Esito | B26: =F29 -> Oltre x max: influenzato dalla parete
A28: Q [m³/h] | B28: v₀ eff. [m/s] | C28: vₜ/v₀ | D28: L a vₜ [m] | E28: vₓ a x_v [m/s] | F28: Esito | G28: 0.5 | H28: 1 | I28: 1.5 | J28: 2 | K28: 2.5 | L28: 3 | M28: 3.5 | N28: 4 | O28: 4.5 | P28: 5 | Q28: 5.5 | R28: j* | S28: x₁ | T28: x₂ | U28: v₁ | V28: v₂ | W28: idx x_v | X28: Qlo_a | Y28: Qhi_a | Z28: kA_a | AA28: kB_a | AB28: wq_a | AC28: Qlo_b | AD28: Qhi_b | AE28: kA_b | AF28: kB_b | AG28: wq_b | AH28: g₀ = v₀/Q | AI28: Q min per vₜ a x_v | AJ28: vₓ≥vₜ | AK28: k
A29: =B5 -> 450 | B29: =IF(OR(A29="",NOT(ISNUMBER(AH29)),N(A29)<=0),"",A29*AH29) -> 5.6323148 | C29: =IF(B29="","",$B$6/B29) -> 0.044386724 | D29: =IF(B29="","",IF(S29="",IF(ISNUMBER(G29),IF(G29<$B$6,"< 0,5",IF(COUNTIFS(G$28:Q$28,"<="&$B$17,G29:Q29,">=0")=COUNTIF(G$28:Q$28,"<="&$B$17),"> x max","n.d.")),"n.d."),EXP(LN(S29)+(LN($B$6)-LN(U29))*(LN(T29)-LN(S29))/(LN(V29)-LN(U29))))) -> 5.4128725 | E29: =IF(OR(B29="",W29=""),"",IFERROR(IF(INDEX(G$28:Q$28,W29)=$B$7,INDEX(G29:Q29,W29),EXP(LN(INDEX(G29:Q29,W29))+(LN($B$7)-LN(INDEX(G$28:Q$28,W29)))*(LN(INDEX(G29:Q29,W29+1))-LN(INDEX(G29:Q29,W29)))/(LN(INDEX(G$28:Q$28,W29+1))-LN(INDEX(G$28:Q$28,W29))))),"")) -> 0.35016733 | F29: =IF(B29="","",IF(OR($B$10<2,$B$4<INDEX(H_Parametri!$A$14:$A$16,1),$B$4>INDEX(H_Parametri!$A$14:$A$16,H_Parametri!$B$10)),"L fuori campo: estrapolazione",IF(OR(A29<$B$15*0.99,A29>$B$16*1.01),"Q fuori dal campo dei dati (estrapolazione)",IF(D29="> x max","Il getto raggiunge la parete (lancio > x max)",IF(D29="n.d.","Dati CFD non coprono tutta la distanza (curva incompleta)",IF(NOT(ISNUMBER(D29)),"vₜ non raggiunta / < 0,5 m",IF(IFERROR(C29>INDEX(G29:Q29,ROUND(H_Parametri!$B$9*2,0))/B29,FALSE()),"vₜ nel campo vicino (x < "&H_Parametri!$B$9&" m): lancio poco significativo",IF(D29>$B$17,"Oltre x max: influenzato dalla parete","OK")))))))) -> Oltre x max: influenzato dalla parete | G29: =IF(B29="","",IFERROR(MAX(0.0001,$A29*(IF($B$14=0,INDEX(H_Parametri!$A$14:$A$16,$B$11)/1000*IF($AB29=0,INDEX(H_Curve!$B$1:$F$100,4+($B$11-1)*17+3+G$28*2,$Z29),(1-$AB29)*INDEX(H_Curve!$B$1:$F$100,4+($B$11-1)*17+3+G$28*2,$Z29)+$AB29*INDEX(H_Curve!$B$1:$F$100,4+($B$11-1)*17+3+G$28*2,$AA29)),IF($B$14=1,INDEX(H_Parametri!$A$14:$A$16,$B$11+1)/1000*IF($AG29=0,INDEX(H_Curve!$B$1:$F$100,4+($B$11)*17+3+G$28*2,$AE29),(1-$AG29)*INDEX(H_Curve!$B$1:$F$100,4+($B$11)*17+3+G$28*2,$AE29)+$AG29*INDEX(H_Curve!$B$1:$F$100,4+($B$11)*17+3+G$28*2,$AF29)),(1-$B$14)*INDEX(H_Parametri!$A$14:$A$16,$B$11)/1000*IF($AB29=0,INDEX(H_Curve!$B$1:$F$100,4+($B$11-1)*17+3+G$28*2,$Z29),(1-$AB29)*INDEX(H_Curve!$B$1:$F$100,4+($B$11-1)*17+3+G$28*2,$Z29)+$AB29*INDEX(H_Curve!$B$1:$F$100,4+($B$11-1)*17+3+G$28*2,$AA29))+$B$14*INDEX(H_Parametri!$A$14:$A$16,$B$11+1)/1000*IF($AG29=0,INDEX(H_Curve!$B$1:$F$100,4+($B$11)*17+3+G$28*2,$AE29),(1-$AG29)*INDEX(H_Curve!$B$1:$F$100,4+($B$11)*17+3+G$28*2,$AE29)+$AG29*INDEX(H_Curve!$B$1:$F$100,4+($B$11)*17+3+G$28*2,$AF29)))))/($B$4/1000)),"")) -> 0.97519855 | H29: =IF(B29="","",IFERROR(MAX(0.0001,$A29*(IF($B$14=0,INDEX(H_Parametri!$A$14:$A$16,$B$11)/1000*IF($AB29=0,INDEX(H_Curve!$B$1:$F$100,4+($B$11-1)*17+3+H$28*2,$Z29),(1-$AB29)*INDEX(H_Curve!$B$1:$F$100,4+($B$11-1)*17+3+H$28*2,$Z29)+$AB29*INDEX(H_Curve!$B$1:$F$100,4+($B$11-1)*17+3+H$28*2,$AA29)),IF($B$14=1,INDEX(H_Parametri!$A$14:$A$16,$B$11+1)/1000*IF($AG29=0,INDEX(H_Curve!$B$1:$F$100,4+($B$11)*17+3+H$28*2,$AE29),(1-$AG29)*INDEX(H_Curve!$B$1:$F$100,4+($B$11)*17+3+H$28*2,$AE29)+$AG29*INDEX(H_Curve!$B$1:$F$100,4+($B$11)*17+3+H$28*2,$AF29)),(1-$B$14)*INDEX(H_Parametri!$A$14:$A$16,$B$11)/1000*IF($AB29=0,INDEX(H_Curve!$B$1:$F$100,4+($B$11-1)*17+3+H$28*2,$Z29),(1-$AB29)*INDEX(H_Curve!$B$1:$F$100,4+($B$11-1)*17+3+H$28*2,$Z29)+$AB29*INDEX(H_Curve!$B$1:$F$100,4+($B$11-1)*17+3+H$28*2,$AA29))+$B$14*INDEX(H_Parametri!$A$14:$A$16,$B$11+1)/1000*IF($AG29=0,INDEX(H_Curve!$B$1:$F$100,4+($B$11)*17+3+H$28*2,$AE29),(1-$AG29)*INDEX(H_Curve!$B$1:$F$100,4+($B$11)*17+3+H$28*2,$AE29)+$AG29*INDEX(H_Curve!$B$1:$F$100,4+($B$11)*17+3+H$28*2,$AF29)))))/($B$4/1000)),"")) -> 0.8611588 | I29: =IF(B29="","",IFERROR(MAX(0.0001,$A29*(IF($B$14=0,INDEX(H_Parametri!$A$14:$A$16,$B$11)/1000*IF($AB29=0,INDEX(H_Curve!$B$1:$F$100,4+($B$11-1)*17+3+I$28*2,$Z29),(1-$AB29)*INDEX(H_Curve!$B$1:$F$100,4+($B$11-1)*17+3+I$28*2,$Z29)+$AB29*INDEX(H_Curve!$B$1:$F$100,4+($B$11-1)*17+3+I$28*2,$AA29)),IF($B$14=1,INDEX(H_Parametri!$A$14:$A$16,$B$11+1)/1000*IF($AG29=0,INDEX(H_Curve!$B$1:$F$100,4+($B$11)*17+3+I$28*2,$AE29),(1-$AG29)*INDEX(H_Curve!$B$1:$F$100,4+($B$11)*17+3+I$28*2,$AE29)+$AG29*INDEX(H_Curve!$B$1:$F$100,4+($B$11)*17+3+I$28*2,$AF29)),(1-$B$14)*INDEX(H_Parametri!$A$14:$A$16,$B$11)/1000*IF($AB29=0,INDEX(H_Curve!$B$1:$F$100,4+($B$11-1)*17+3+I$28*2,$Z29),(1-$AB29)*INDEX(H_Curve!$B$1:$F$100,4+($B$11-1)*17+3+I$28*2,$Z29)+$AB29*INDEX(H_Curve!$B$1:$F$100,4+($B$11-1)*17+3+I$28*2,$AA29))+$B$14*INDEX(H_Parametri!$A$14:$A$16,$B$11+1)/1000*IF($AG29=0,INDEX(H_Curve!$B$1:$F$100,4+($B$11)*17+3+I$28*2,$AE29),(1-$AG29)*INDEX(H_Curve!$B$1:$F$100,4+($B$11)*17+3+I$28*2,$AE29)+$AG29*INDEX(H_Curve!$B$1:$F$100,4+($B$11)*17+3+I$28*2,$AF29)))))/($B$4/1000)),"")) -> 0.86943516 | J29: =IF(B29="","",IFERROR(MAX(0.0001,$A29*(IF($B$14=0,INDEX(H_Parametri!$A$14:$A$16,$B$11)/1000*IF($AB29=0,INDEX(H_Curve!$B$1:$F$100,4+($B$11-1)*17+3+J$28*2,$Z29),(1-$AB29)*INDEX(H_Curve!$B$1:$F$100,4+($B$11-1)*17+3+J$28*2,$Z29)+$AB29*INDEX(H_Curve!$B$1:$F$100,4+($B$11-1)*17+3+J$28*2,$AA29)),IF($B$14=1,INDEX(H_Parametri!$A$14:$A$16,$B$11+1)/1000*IF($AG29=0,INDEX(H_Curve!$B$1:$F$100,4+($B$11)*17+3+J$28*2,$AE29),(1-$AG29)*INDEX(H_Curve!$B$1:$F$100,4+($B$11)*17+3+J$28*2,$AE29)+$AG29*INDEX(H_Curve!$B$1:$F$100,4+($B$11)*17+3+J$28*2,$AF29)),(1-$B$14)*INDEX(H_Parametri!$A$14:$A$16,$B$11)/1000*IF($AB29=0,INDEX(H_Curve!$B$1:$F$100,4+($B$11-1)*17+3+J$28*2,$Z29),(1-$AB29)*INDEX(H_Curve!$B$1:$F$100,4+($B$11-1)*17+3+J$28*2,$Z29)+$AB29*INDEX(H_Curve!$B$1:$F$100,4+($B$11-1)*17+3+J$28*2,$AA29))+$B$14*INDEX(H_Parametri!$A$14:$A$16,$B$11+1)/1000*IF($AG29=0,INDEX(H_Curve!$B$1:$F$100,4+($B$11)*17+3+J$28*2,$AE29),(1-$AG29)*INDEX(H_Curve!$B$1:$F$100,4+($B$11)*17+3+J$28*2,$AE29)+$AG29*INDEX(H_Curve!$B$1:$F$100,4+($B$11)*17+3+J$28*2,$AF29)))))/($B$4/1000)),"")) -> 0.85923883 | K29: =IF(B29="","",IFERROR(MAX(0.0001,$A29*(IF($B$14=0,INDEX(H_Parametri!$A$14:$A$16,$B$11)/1000*IF($AB29=0,INDEX(H_Curve!$B$1:$F$100,4+($B$11-1)*17+3+K$28*2,$Z29),(1-$AB29)*INDEX(H_Curve!$B$1:$F$100,4+($B$11-1)*17+3+K$28*2,$Z29)+$AB29*INDEX(H_Curve!$B$1:$F$100,4+($B$11-1)*17+3+K$28*2,$AA29)),IF($B$14=1,INDEX(H_Parametri!$A$14:$A$16,$B$11+1)/1000*IF($AG29=0,INDEX(H_Curve!$B$1:$F$100,4+($B$11)*17+3+K$28*2,$AE29),(1-$AG29)*INDEX(H_Curve!$B$1:$F$100,4+($B$11)*17+3+K$28*2,$AE29)+$AG29*INDEX(H_Curve!$B$1:$F$100,4+($B$11)*17+3+K$28*2,$AF29)),(1-$B$14)*INDEX(H_Parametri!$A$14:$A$16,$B$11)/1000*IF($AB29=0,INDEX(H_Curve!$B$1:$F$100,4+($B$11-1)*17+3+K$28*2,$Z29),(1-$AB29)*INDEX(H_Curve!$B$1:$F$100,4+($B$11-1)*17+3+K$28*2,$Z29)+$AB29*INDEX(H_Curve!$B$1:$F$100,4+($B$11-1)*17+3+K$28*2,$AA29))+$B$14*INDEX(H_Parametri!$A$14:$A$16,$B$11+1)/1000*IF($AG29=0,INDEX(H_Curve!$B$1:$F$100,4+($B$11)*17+3+K$28*2,$AE29),(1-$AG29)*INDEX(H_Curve!$B$1:$F$100,4+($B$11)*17+3+K$28*2,$AE29)+$AG29*INDEX(H_Curve!$B$1:$F$100,4+($B$11)*17+3+K$28*2,$AF29)))))/($B$4/1000)),"")) -> 0.82193289 | L29: =IF(B29="","",IFERROR(MAX(0.0001,$A29*(IF($B$14=0,INDEX(H_Parametri!$A$14:$A$16,$B$11)/1000*IF($AB29=0,INDEX(H_Curve!$B$1:$F$100,4+($B$11-1)*17+3+L$28*2,$Z29),(1-$AB29)*INDEX(H_Curve!$B$1:$F$100,4+($B$11-1)*17+3+L$28*2,$Z29)+$AB29*INDEX(H_Curve!$B$1:$F$100,4+($B$11-1)*17+3+L$28*2,$AA29)),IF($B$14=1,INDEX(H_Parametri!$A$14:$A$16,$B$11+1)/1000*IF($AG29=0,INDEX(H_Curve!$B$1:$F$100,4+($B$11)*17+3+L$28*2,$AE29),(1-$AG29)*INDEX(H_Curve!$B$1:$F$100,4+($B$11)*17+3+L$28*2,$AE29)+$AG29*INDEX(H_Curve!$B$1:$F$100,4+($B$11)*17+3+L$28*2,$AF29)),(1-$B$14)*INDEX(H_Parametri!$A$14:$A$16,$B$11)/1000*IF($AB29=0,INDEX(H_Curve!$B$1:$F$100,4+($B$11-1)*17+3+L$28*2,$Z29),(1-$AB29)*INDEX(H_Curve!$B$1:$F$100,4+($B$11-1)*17+3+L$28*2,$Z29)+$AB29*INDEX(H_Curve!$B$1:$F$100,4+($B$11-1)*17+3+L$28*2,$AA29))+$B$14*INDEX(H_Parametri!$A$14:$A$16,$B$11+1)/1000*IF($AG29=0,INDEX(H_Curve!$B$1:$F$100,4+($B$11)*17+3+L$28*2,$AE29),(1-$AG29)*INDEX(H_Curve!$B$1:$F$100,4+($B$11)*17+3+L$28*2,$AE29)+$AG29*INDEX(H_Curve!$B$1:$F$100,4+($B$11)*17+3+L$28*2,$AF29)))))/($B$4/1000)),"")) -> 0.75779137 | M29: =IF(B29="","",IFERROR(MAX(0.0001,$A29*(IF($B$14=0,INDEX(H_Parametri!$A$14:$A$16,$B$11)/1000*IF($AB29=0,INDEX(H_Curve!$B$1:$F$100,4+($B$11-1)*17+3+M$28*2,$Z29),(1-$AB29)*INDEX(H_Curve!$B$1:$F$100,4+($B$11-1)*17+3+M$28*2,$Z29)+$AB29*INDEX(H_Curve!$B$1:$F$100,4+($B$11-1)*17+3+M$28*2,$AA29)),IF($B$14=1,INDEX(H_Parametri!$A$14:$A$16,$B$11+1)/1000*IF($AG29=0,INDEX(H_Curve!$B$1:$F$100,4+($B$11)*17+3+M$28*2,$AE29),(1-$AG29)*INDEX(H_Curve!$B$1:$F$100,4+($B$11)*17+3+M$28*2,$AE29)+$AG29*INDEX(H_Curve!$B$1:$F$100,4+($B$11)*17+3+M$28*2,$AF29)),(1-$B$14)*INDEX(H_Parametri!$A$14:$A$16,$B$11)/1000*IF($AB29=0,INDEX(H_Curve!$B$1:$F$100,4+($B$11-1)*17+3+M$28*2,$Z29),(1-$AB29)*INDEX(H_Curve!$B$1:$F$100,4+($B$11-1)*17+3+M$28*2,$Z29)+$AB29*INDEX(H_Curve!$B$1:$F$100,4+($B$11-1)*17+3+M$28*2,$AA29))+$B$14*INDEX(H_Parametri!$A$14:$A$16,$B$11+1)/1000*IF($AG29=0,INDEX(H_Curve!$B$1:$F$100,4+($B$11)*17+3+M$28*2,$AE29),(1-$AG29)*INDEX(H_Curve!$B$1:$F$100,4+($B$11)*17+3+M$28*2,$AE29)+$AG29*INDEX(H_Curve!$B$1:$F$100,4+($B$11)*17+3+M$28*2,$AF29)))))/($B$4/1000)),"")) -> 0.61520954 | N29: =IF(B29="","",IFERROR(MAX(0.0001,$A29*(IF($B$14=0,INDEX(H_Parametri!$A$14:$A$16,$B$11)/1000*IF($AB29=0,INDEX(H_Curve!$B$1:$F$100,4+($B$11-1)*17+3+N$28*2,$Z29),(1-$AB29)*INDEX(H_Curve!$B$1:$F$100,4+($B$11-1)*17+3+N$28*2,$Z29)+$AB29*INDEX(H_Curve!$B$1:$F$100,4+($B$11-1)*17+3+N$28*2,$AA29)),IF($B$14=1,INDEX(H_Parametri!$A$14:$A$16,$B$11+1)/1000*IF($AG29=0,INDEX(H_Curve!$B$1:$F$100,4+($B$11)*17+3+N$28*2,$AE29),(1-$AG29)*INDEX(H_Curve!$B$1:$F$100,4+($B$11)*17+3+N$28*2,$AE29)+$AG29*INDEX(H_Curve!$B$1:$F$100,4+($B$11)*17+3+N$28*2,$AF29)),(1-$B$14)*INDEX(H_Parametri!$A$14:$A$16,$B$11)/1000*IF($AB29=0,INDEX(H_Curve!$B$1:$F$100,4+($B$11-1)*17+3+N$28*2,$Z29),(1-$AB29)*INDEX(H_Curve!$B$1:$F$100,4+($B$11-1)*17+3+N$28*2,$Z29)+$AB29*INDEX(H_Curve!$B$1:$F$100,4+($B$11-1)*17+3+N$28*2,$AA29))+$B$14*INDEX(H_Parametri!$A$14:$A$16,$B$11+1)/1000*IF($AG29=0,INDEX(H_Curve!$B$1:$F$100,4+($B$11)*17+3+N$28*2,$AE29),(1-$AG29)*INDEX(H_Curve!$B$1:$F$100,4+($B$11)*17+3+N$28*2,$AE29)+$AG29*INDEX(H_Curve!$B$1:$F$100,4+($B$11)*17+3+N$28*2,$AF29)))))/($B$4/1000)),"")) -> 0.45375946 | O29: =IF(B29="","",IFERROR(MAX(0.0001,$A29*(IF($B$14=0,INDEX(H_Parametri!$A$14:$A$16,$B$11)/1000*IF($AB29=0,INDEX(H_Curve!$B$1:$F$100,4+($B$11-1)*17+3+O$28*2,$Z29),(1-$AB29)*INDEX(H_Curve!$B$1:$F$100,4+($B$11-1)*17+3+O$28*2,$Z29)+$AB29*INDEX(H_Curve!$B$1:$F$100,4+($B$11-1)*17+3+O$28*2,$AA29)),IF($B$14=1,INDEX(H_Parametri!$A$14:$A$16,$B$11+1)/1000*IF($AG29=0,INDEX(H_Curve!$B$1:$F$100,4+($B$11)*17+3+O$28*2,$AE29),(1-$AG29)*INDEX(H_Curve!$B$1:$F$100,4+($B$11)*17+3+O$28*2,$AE29)+$AG29*INDEX(H_Curve!$B$1:$F$100,4+($B$11)*17+3+O$28*2,$AF29)),(1-$B$14)*INDEX(H_Parametri!$A$14:$A$16,$B$11)/1000*IF($AB29=0,INDEX(H_Curve!$B$1:$F$100,4+($B$11-1)*17+3+O$28*2,$Z29),(1-$AB29)*INDEX(H_Curve!$B$1:$F$100,4+($B$11-1)*17+3+O$28*2,$Z29)+$AB29*INDEX(H_Curve!$B$1:$F$100,4+($B$11-1)*17+3+O$28*2,$AA29))+$B$14*INDEX(H_Parametri!$A$14:$A$16,$B$11+1)/1000*IF($AG29=0,INDEX(H_Curve!$B$1:$F$100,4+($B$11)*17+3+O$28*2,$AE29),(1-$AG29)*INDEX(H_Curve!$B$1:$F$100,4+($B$11)*17+3+O$28*2,$AE29)+$AG29*INDEX(H_Curve!$B$1:$F$100,4+($B$11)*17+3+O$28*2,$AF29)))))/($B$4/1000)),"")) -> 0.37812882 | P29: =IF(B29="","",IFERROR(MAX(0.0001,$A29*(IF($B$14=0,INDEX(H_Parametri!$A$14:$A$16,$B$11)/1000*IF($AB29=0,INDEX(H_Curve!$B$1:$F$100,4+($B$11-1)*17+3+P$28*2,$Z29),(1-$AB29)*INDEX(H_Curve!$B$1:$F$100,4+($B$11-1)*17+3+P$28*2,$Z29)+$AB29*INDEX(H_Curve!$B$1:$F$100,4+($B$11-1)*17+3+P$28*2,$AA29)),IF($B$14=1,INDEX(H_Parametri!$A$14:$A$16,$B$11+1)/1000*IF($AG29=0,INDEX(H_Curve!$B$1:$F$100,4+($B$11)*17+3+P$28*2,$AE29),(1-$AG29)*INDEX(H_Curve!$B$1:$F$100,4+($B$11)*17+3+P$28*2,$AE29)+$AG29*INDEX(H_Curve!$B$1:$F$100,4+($B$11)*17+3+P$28*2,$AF29)),(1-$B$14)*INDEX(H_Parametri!$A$14:$A$16,$B$11)/1000*IF($AB29=0,INDEX(H_Curve!$B$1:$F$100,4+($B$11-1)*17+3+P$28*2,$Z29),(1-$AB29)*INDEX(H_Curve!$B$1:$F$100,4+($B$11-1)*17+3+P$28*2,$Z29)+$AB29*INDEX(H_Curve!$B$1:$F$100,4+($B$11-1)*17+3+P$28*2,$AA29))+$B$14*INDEX(H_Parametri!$A$14:$A$16,$B$11+1)/1000*IF($AG29=0,INDEX(H_Curve!$B$1:$F$100,4+($B$11)*17+3+P$28*2,$AE29),(1-$AG29)*INDEX(H_Curve!$B$1:$F$100,4+($B$11)*17+3+P$28*2,$AE29)+$AG29*INDEX(H_Curve!$B$1:$F$100,4+($B$11)*17+3+P$28*2,$AF29)))))/($B$4/1000)),"")) -> 0.35016733 | Q29: =IF(B29="","",IFERROR(MAX(0.0001,$A29*(IF($B$14=0,INDEX(H_Parametri!$A$14:$A$16,$B$11)/1000*IF($AB29=0,INDEX(H_Curve!$B$1:$F$100,4+($B$11-1)*17+3+Q$28*2,$Z29),(1-$AB29)*INDEX(H_Curve!$B$1:$F$100,4+($B$11-1)*17+3+Q$28*2,$Z29)+$AB29*INDEX(H_Curve!$B$1:$F$100,4+($B$11-1)*17+3+Q$28*2,$AA29)),IF($B$14=1,INDEX(H_Parametri!$A$14:$A$16,$B$11+1)/1000*IF($AG29=0,INDEX(H_Curve!$B$1:$F$100,4+($B$11)*17+3+Q$28*2,$AE29),(1-$AG29)*INDEX(H_Curve!$B$1:$F$100,4+($B$11)*17+3+Q$28*2,$AE29)+$AG29*INDEX(H_Curve!$B$1:$F$100,4+($B$11)*17+3+Q$28*2,$AF29)),(1-$B$14)*INDEX(H_Parametri!$A$14:$A$16,$B$11)/1000*IF($AB29=0,INDEX(H_Curve!$B$1:$F$100,4+($B$11-1)*17+3+Q$28*2,$Z29),(1-$AB29)*INDEX(H_Curve!$B$1:$F$100,4+($B$11-1)*17+3+Q$28*2,$Z29)+$AB29*INDEX(H_Curve!$B$1:$F$100,4+($B$11-1)*17+3+Q$28*2,$AA29))+$B$14*INDEX(H_Parametri!$A$14:$A$16,$B$11+1)/1000*IF($AG29=0,INDEX(H_Curve!$B$1:$F$100,4+($B$11)*17+3+Q$28*2,$AE29),(1-$AG29)*INDEX(H_Curve!$B$1:$F$100,4+($B$11)*17+3+Q$28*2,$AE29)+$AG29*INDEX(H_Curve!$B$1:$F$100,4+($B$11)*17+3+Q$28*2,$AF29)))))/($B$4/1000)),"")) -> 0.23360862 | R29: {=IF(B29="","",SUMPRODUCT(MAX(ISNUMBER(G29:P29)*ISNUMBER(H29:Q29)*(G29:P29>=$B$6)*(H29:Q29<$B$6)*(COLUMN(G29:P29)-COLUMN(G29)+1))))} -> 10 | S29: =IF(OR(R29="",R29=0),"",INDEX(G$28:Q$28,R29)) -> 5 | T29: =IF(S29="","",INDEX(G$28:Q$28,R29+1)) -> 5.5 | U29: =IF(S29="","",INDEX(G29:Q29,R29)) -> 0.35016733 | V29: =IF(S29="","",INDEX(G29:Q29,R29+1)) -> 0.23360862 | W29: =IF(B29="","",IFERROR(MATCH($B$7,$G$28:$Q$28,1),"")) -> 10 | X29: =IFERROR(LARGE(INDEX(H_Curve!$B$1:$F$100,4+($B$11-1)*17+1,1):INDEX(H_Curve!$B$1:$F$100,4+($B$11-1)*17+1,5),COUNTIF(INDEX(H_Curve!$B$1:$F$100,4+($B$11-1)*17+1,1):INDEX(H_Curve!$B$1:$F$100,4+($B$11-1)*17+1,5),">"&$A29)+1),0) -> 300 | Y29: =IFERROR(SMALL(INDEX(H_Curve!$B$1:$F$100,4+($B$11-1)*17+1,1):INDEX(H_Curve!$B$1:$F$100,4+($B$11-1)*17+1,5),COUNTIF(INDEX(H_Curve!$B$1:$F$100,4+($B$11-1)*17+1,1):INDEX(H_Curve!$B$1:$F$100,4+($B$11-1)*17+1,5),"<"&$A29)+1),1000000000) -> 1000000000 | Z29: =IFERROR(IF(X29=0,MATCH(Y29,INDEX(H_Curve!$B$1:$F$100,4+($B$11-1)*17+1,1):INDEX(H_Curve!$B$1:$F$100,4+($B$11-1)*17+1,5),0),MATCH(X29,INDEX(H_Curve!$B$1:$F$100,4+($B$11-1)*17+1,1):INDEX(H_Curve!$B$1:$F$100,4+($B$11-1)*17+1,5),0)),"") -> 4 | AA29: =IFERROR(IF(Y29>=1000000000,MATCH(X29,INDEX(H_Curve!$B$1:$F$100,4+($B$11-1)*17+1,1):INDEX(H_Curve!$B$1:$F$100,4+($B$11-1)*17+1,5),0),MATCH(Y29,INDEX(H_Curve!$B$1:$F$100,4+($B$11-1)*17+1,1):INDEX(H_Curve!$B$1:$F$100,4+($B$11-1)*17+1,5),0)),"") -> 4 | AB29: =IF(OR(X29=0,Y29>=1000000000),0,IF(Y29>X29,($A29-X29)/(Y29-X29),0)) -> 0 | AC29: =IFERROR(LARGE(INDEX(H_Curve!$B$1:$F$100,4+($B$11)*17+1,1):INDEX(H_Curve!$B$1:$F$100,4+($B$11)*17+1,5),COUNTIF(INDEX(H_Curve!$B$1:$F$100,4+($B$11)*17+1,1):INDEX(H_Curve!$B$1:$F$100,4+($B$11)*17+1,5),">"&$A29)+1),0) -> 450 | AD29: =IFERROR(SMALL(INDEX(H_Curve!$B$1:$F$100,4+($B$11)*17+1,1):INDEX(H_Curve!$B$1:$F$100,4+($B$11)*17+1,5),COUNTIF(INDEX(H_Curve!$B$1:$F$100,4+($B$11)*17+1,1):INDEX(H_Curve!$B$1:$F$100,4+($B$11)*17+1,5),"<"&$A29)+1),1000000000) -> 450 | AE29: =IFERROR(IF(AC29=0,MATCH(AD29,INDEX(H_Curve!$B$1:$F$100,4+($B$11)*17+1,1):INDEX(H_Curve!$B$1:$F$100,4+($B$11)*17+1,5),0),MATCH(AC29,INDEX(H_Curve!$B$1:$F$100,4+($B$11)*17+1,1):INDEX(H_Curve!$B$1:$F$100,4+($B$11)*17+1,5),0)),"") -> 5 | AF29: =IFERROR(IF(AD29>=1000000000,MATCH(AC29,INDEX(H_Curve!$B$1:$F$100,4+($B$11)*17+1,1):INDEX(H_Curve!$B$1:$F$100,4+($B$11)*17+1,5),0),MATCH(AD29,INDEX(H_Curve!$B$1:$F$100,4+($B$11)*17+1,1):INDEX(H_Curve!$B$1:$F$100,4+($B$11)*17+1,5),0)),"") -> 5 | AG29: =IF(OR(AC29=0,AD29>=1000000000),0,IF(AD29>AC29,($A29-AC29)/(AD29-AC29),0)) -> 0 | AH29: =IFERROR(MAX(0.000001,(IF($B$14=0,INDEX(H_Parametri!$A$14:$A$16,$B$11)/1000*IF($AB29=0,INDEX(H_Curve!$B$1:$F$100,4+($B$11-1)*17+2,$Z29),(1-$AB29)*INDEX(H_Curve!$B$1:$F$100,4+($B$11-1)*17+2,$Z29)+$AB29*INDEX(H_Curve!$B$1:$F$100,4+($B$11-1)*17+2,$AA29)),IF($B$14=1,INDEX(H_Parametri!$A$14:$A$16,$B$11+1)/1000*IF($AG29=0,INDEX(H_Curve!$B$1:$F$100,4+($B$11)*17+2,$AE29),(1-$AG29)*INDEX(H_Curve!$B$1:$F$100,4+($B$11)*17+2,$AE29)+$AG29*INDEX(H_Curve!$B$1:$F$100,4+($B$11)*17+2,$AF29)),(1-$B$14)*INDEX(H_Parametri!$A$14:$A$16,$B$11)/1000*IF($AB29=0,INDEX(H_Curve!$B$1:$F$100,4+($B$11-1)*17+2,$Z29),(1-$AB29)*INDEX(H_Curve!$B$1:$F$100,4+($B$11-1)*17+2,$Z29)+$AB29*INDEX(H_Curve!$B$1:$F$100,4+($B$11-1)*17+2,$AA29))+$B$14*INDEX(H_Parametri!$A$14:$A$16,$B$11+1)/1000*IF($AG29=0,INDEX(H_Curve!$B$1:$F$100,4+($B$11)*17+2,$AE29),(1-$AG29)*INDEX(H_Curve!$B$1:$F$100,4+($B$11)*17+2,$AE29)+$AG29*INDEX(H_Curve!$B$1:$F$100,4+($B$11)*17+2,$AF29)))))/($B$4/1000)),"") -> 0.012516255 | AI29: =IFERROR(IF(AK29="","> "&A37,IF(AK29=1,"≤ "&A30,INDEX(A30:A37,AK29-1)+($B$6-INDEX(E30:E37,AK29-1))/(INDEX(E30:E37,AK29)-INDEX(E30:E37,AK29-1))*(INDEX(A30:A37,AK29)-INDEX(A30:A37,AK29-1)))),"") -> > 300 | AK29: =IFERROR(MATCH(1,AJ30:AJ37,0),"")
A30: 75 | B30: =IF(OR(A30="",NOT(ISNUMBER(AH30)),N(A30)<=0),"",A30*AH30) -> 0.94962015 | C30: =IF(B30="","",$B$6/B30) -> 0.26326316 | D30: =IF(B30="","",IF(S30="",IF(ISNUMBER(G30),IF(G30<$B$6,"< 0,5",IF(COUNTIFS(G$28:Q$28,"<="&$B$17,G30:Q30,">=0")=COUNTIF(G$28:Q$28,"<="&$B$17),"> x max","n.d.")),"n.d."),EXP(LN(S30)+(LN($B$6)-LN(U30))*(LN(T30)-LN(S30))/(LN(V30)-LN(U30))))) -> < 0,5 | E30: =IF(OR(B30="",W30=""),"",IFERROR(IF(INDEX(G$28:Q$28,W30)=$B$7,INDEX(G30:Q30,W30),EXP(LN(INDEX(G30:Q30,W30))+(LN($B$7)-LN(INDEX(G$28:Q$28,W30)))*(LN(INDEX(G30:Q30,W30+1))-LN(INDEX(G30:Q30,W30)))/(LN(INDEX(G$28:Q$28,W30+1))-LN(INDEX(G$28:Q$28,W30))))),"")) -> 0.059819178 | F30: =IF(B30="","",IF(OR($B$10<2,$B$4<INDEX(H_Parametri!$A$14:$A$16,1),$B$4>INDEX(H_Parametri!$A$14:$A$16,H_Parametri!$B$10)),"L fuori campo: estrapolazione",IF(OR(A30<$B$15*0.99,A30>$B$16*1.01),"Q fuori dal campo dei dati (estrapolazione)",IF(D30="> x max","Il getto raggiunge la parete (lancio > x max)",IF(D30="n.d.","Dati CFD non coprono tutta la distanza (curva incompleta)",IF(NOT(ISNUMBER(D30)),"vₜ non raggiunta / < 0,5 m",IF(IFERROR(C30>INDEX(G30:Q30,ROUND(H_Parametri!$B$9*2,0))/B30,FALSE()),"vₜ nel campo vicino (x < "&H_Parametri!$B$9&" m): lancio poco significativo",IF(D30>$B$17,"Oltre x max: influenzato dalla parete","OK")))))))) -> Q fuori dal campo dei dati (estrapolazione) | G30: =IF(B30="","",IFERROR(MAX(0.0001,$A30*(IF($B$14=0,INDEX(H_Parametri!$A$14:$A$16,$B$11)/1000*IF($AB30=0,INDEX(H_Curve!$B$1:$F$100,4+($B$11-1)*17+3+G$28*2,$Z30),(1-$AB30)*INDEX(H_Curve!$B$1:$F$100,4+($B$11-1)*17+3+G$28*2,$Z30)+$AB30*INDEX(H_Curve!$B$1:$F$100,4+($B$11-1)*17+3+G$28*2,$AA30)),IF($B$14=1,INDEX(H_Parametri!$A$14:$A$16,$B$11+1)/1000*IF($AG30=0,INDEX(H_Curve!$B$1:$F$100,4+($B$11)*17+3+G$28*2,$AE30),(1-$AG30)*INDEX(H_Curve!$B$1:$F$100,4+($B$11)*17+3+G$28*2,$AE30)+$AG30*INDEX(H_Curve!$B$1:$F$100,4+($B$11)*17+3+G$28*2,$AF30)),(1-$B$14)*INDEX(H_Parametri!$A$14:$A$16,$B$11)/1000*IF($AB30=0,INDEX(H_Curve!$B$1:$F$100,4+($B$11-1)*17+3+G$28*2,$Z30),(1-$AB30)*INDEX(H_Curve!$B$1:$F$100,4+($B$11-1)*17+3+G$28*2,$Z30)+$AB30*INDEX(H_Curve!$B$1:$F$100,4+($B$11-1)*17+3+G$28*2,$AA30))+$B$14*INDEX(H_Parametri!$A$14:$A$16,$B$11+1)/1000*IF($AG30=0,INDEX(H_Curve!$B$1:$F$100,4+($B$11)*17+3+G$28*2,$AE30),(1-$AG30)*INDEX(H_Curve!$B$1:$F$100,4+($B$11)*17+3+G$28*2,$AE30)+$AG30*INDEX(H_Curve!$B$1:$F$100,4+($B$11)*17+3+G$28*2,$AF30)))))/($B$4/1000)),"")) -> 0.15480487 | H30: =IF(B30="","",IFERROR(MAX(0.0001,$A30*(IF($B$14=0,INDEX(H_Parametri!$A$14:$A$16,$B$11)/1000*IF($AB30=0,INDEX(H_Curve!$B$1:$F$100,4+($B$11-1)*17+3+H$28*2,$Z30),(1-$AB30)*INDEX(H_Curve!$B$1:$F$100,4+($B$11-1)*17+3+H$28*2,$Z30)+$AB30*INDEX(H_Curve!$B$1:$F$100,4+($B$11-1)*17+3+H$28*2,$AA30)),IF($B$14=1,INDEX(H_Parametri!$A$14:$A$16,$B$11+1)/1000*IF($AG30=0,INDEX(H_Curve!$B$1:$F$100,4+($B$11)*17+3+H$28*2,$AE30),(1-$AG30)*INDEX(H_Curve!$B$1:$F$100,4+($B$11)*17+3+H$28*2,$AE30)+$AG30*INDEX(H_Curve!$B$1:$F$100,4+($B$11)*17+3+H$28*2,$AF30)),(1-$B$14)*INDEX(H_Parametri!$A$14:$A$16,$B$11)/1000*IF($AB30=0,INDEX(H_Curve!$B$1:$F$100,4+($B$11-1)*17+3+H$28*2,$Z30),(1-$AB30)*INDEX(H_Curve!$B$1:$F$100,4+($B$11-1)*17+3+H$28*2,$Z30)+$AB30*INDEX(H_Curve!$B$1:$F$100,4+($B$11-1)*17+3+H$28*2,$AA30))+$B$14*INDEX(H_Parametri!$A$14:$A$16,$B$11+1)/1000*IF($AG30=0,INDEX(H_Curve!$B$1:$F$100,4+($B$11)*17+3+H$28*2,$AE30),(1-$AG30)*INDEX(H_Curve!$B$1:$F$100,4+($B$11)*17+3+H$28*2,$AE30)+$AG30*INDEX(H_Curve!$B$1:$F$100,4+($B$11)*17+3+H$28*2,$AF30)))))/($B$4/1000)),"")) -> 0.141222 | I30: =IF(B30="","",IFERROR(MAX(0.0001,$A30*(IF($B$14=0,INDEX(H_Parametri!$A$14:$A$16,$B$11)/1000*IF($AB30=0,INDEX(H_Curve!$B$1:$F$100,4+($B$11-1)*17+3+I$28*2,$Z30),(1-$AB30)*INDEX(H_Curve!$B$1:$F$100,4+($B$11-1)*17+3+I$28*2,$Z30)+$AB30*INDEX(H_Curve!$B$1:$F$100,4+($B$11-1)*17+3+I$28*2,$AA30)),IF($B$14=1,INDEX(H_Parametri!$A$14:$A$16,$B$11+1)/1000*IF($AG30=0,INDEX(H_Curve!$B$1:$F$100,4+($B$11)*17+3+I$28*2,$AE30),(1-$AG30)*INDEX(H_Curve!$B$1:$F$100,4+($B$11)*17+3+I$28*2,$AE30)+$AG30*INDEX(H_Curve!$B$1:$F$100,4+($B$11)*17+3+I$28*2,$AF30)),(1-$B$14)*INDEX(H_Parametri!$A$14:$A$16,$B$11)/1000*IF($AB30=0,INDEX(H_Curve!$B$1:$F$100,4+($B$11-1)*17+3+I$28*2,$Z30),(1-$AB30)*INDEX(H_Curve!$B$1:$F$100,4+($B$11-1)*17+3+I$28*2,$Z30)+$AB30*INDEX(H_Curve!$B$1:$F$100,4+($B$11-1)*17+3+I$28*2,$AA30))+$B$14*INDEX(H_Parametri!$A$14:$A$16,$B$11+1)/1000*IF($AG30=0,INDEX(H_Curve!$B$1:$F$100,4+($B$11)*17+3+I$28*2,$AE30),(1-$AG30)*INDEX(H_Curve!$B$1:$F$100,4+($B$11)*17+3+I$28*2,$AE30)+$AG30*INDEX(H_Curve!$B$1:$F$100,4+($B$11)*17+3+I$28*2,$AF30)))))/($B$4/1000)),"")) -> 0.14389639 | J30: =IF(B30="","",IFERROR(MAX(0.0001,$A30*(IF($B$14=0,INDEX(H_Parametri!$A$14:$A$16,$B$11)/1000*IF($AB30=0,INDEX(H_Curve!$B$1:$F$100,4+($B$11-1)*17+3+J$28*2,$Z30),(1-$AB30)*INDEX(H_Curve!$B$1:$F$100,4+($B$11-1)*17+3+J$28*2,$Z30)+$AB30*INDEX(H_Curve!$B$1:$F$100,4+($B$11-1)*17+3+J$28*2,$AA30)),IF($B$14=1,INDEX(H_Parametri!$A$14:$A$16,$B$11+1)/1000*IF($AG30=0,INDEX(H_Curve!$B$1:$F$100,4+($B$11)*17+3+J$28*2,$AE30),(1-$AG30)*INDEX(H_Curve!$B$1:$F$100,4+($B$11)*17+3+J$28*2,$AE30)+$AG30*INDEX(H_Curve!$B$1:$F$100,4+($B$11)*17+3+J$28*2,$AF30)),(1-$B$14)*INDEX(H_Parametri!$A$14:$A$16,$B$11)/1000*IF($AB30=0,INDEX(H_Curve!$B$1:$F$100,4+($B$11-1)*17+3+J$28*2,$Z30),(1-$AB30)*INDEX(H_Curve!$B$1:$F$100,4+($B$11-1)*17+3+J$28*2,$Z30)+$AB30*INDEX(H_Curve!$B$1:$F$100,4+($B$11-1)*17+3+J$28*2,$AA30))+$B$14*INDEX(H_Parametri!$A$14:$A$16,$B$11+1)/1000*IF($AG30=0,INDEX(H_Curve!$B$1:$F$100,4+($B$11)*17+3+J$28*2,$AE30),(1-$AG30)*INDEX(H_Curve!$B$1:$F$100,4+($B$11)*17+3+J$28*2,$AE30)+$AG30*INDEX(H_Curve!$B$1:$F$100,4+($B$11)*17+3+J$28*2,$AF30)))))/($B$4/1000)),"")) -> 0.14743169 | K30: =IF(B30="","",IFERROR(MAX(0.0001,$A30*(IF($B$14=0,INDEX(H_Parametri!$A$14:$A$16,$B$11)/1000*IF($AB30=0,INDEX(H_Curve!$B$1:$F$100,4+($B$11-1)*17+3+K$28*2,$Z30),(1-$AB30)*INDEX(H_Curve!$B$1:$F$100,4+($B$11-1)*17+3+K$28*2,$Z30)+$AB30*INDEX(H_Curve!$B$1:$F$100,4+($B$11-1)*17+3+K$28*2,$AA30)),IF($B$14=1,INDEX(H_Parametri!$A$14:$A$16,$B$11+1)/1000*IF($AG30=0,INDEX(H_Curve!$B$1:$F$100,4+($B$11)*17+3+K$28*2,$AE30),(1-$AG30)*INDEX(H_Curve!$B$1:$F$100,4+($B$11)*17+3+K$28*2,$AE30)+$AG30*INDEX(H_Curve!$B$1:$F$100,4+($B$11)*17+3+K$28*2,$AF30)),(1-$B$14)*INDEX(H_Parametri!$A$14:$A$16,$B$11)/1000*IF($AB30=0,INDEX(H_Curve!$B$1:$F$100,4+($B$11-1)*17+3+K$28*2,$Z30),(1-$AB30)*INDEX(H_Curve!$B$1:$F$100,4+($B$11-1)*17+3+K$28*2,$Z30)+$AB30*INDEX(H_Curve!$B$1:$F$100,4+($B$11-1)*17+3+K$28*2,$AA30))+$B$14*INDEX(H_Parametri!$A$14:$A$16,$B$11+1)/1000*IF($AG30=0,INDEX(H_Curve!$B$1:$F$100,4+($B$11)*17+3+K$28*2,$AE30),(1-$AG30)*INDEX(H_Curve!$B$1:$F$100,4+($B$11)*17+3+K$28*2,$AE30)+$AG30*INDEX(H_Curve!$B$1:$F$100,4+($B$11)*17+3+K$28*2,$AF30)))))/($B$4/1000)),"")) -> 0.13889198 | L30: =IF(B30="","",IFERROR(MAX(0.0001,$A30*(IF($B$14=0,INDEX(H_Parametri!$A$14:$A$16,$B$11)/1000*IF($AB30=0,INDEX(H_Curve!$B$1:$F$100,4+($B$11-1)*17+3+L$28*2,$Z30),(1-$AB30)*INDEX(H_Curve!$B$1:$F$100,4+($B$11-1)*17+3+L$28*2,$Z30)+$AB30*INDEX(H_Curve!$B$1:$F$100,4+($B$11-1)*17+3+L$28*2,$AA30)),IF($B$14=1,INDEX(H_Parametri!$A$14:$A$16,$B$11+1)/1000*IF($AG30=0,INDEX(H_Curve!$B$1:$F$100,4+($B$11)*17+3+L$28*2,$AE30),(1-$AG30)*INDEX(H_Curve!$B$1:$F$100,4+($B$11)*17+3+L$28*2,$AE30)+$AG30*INDEX(H_Curve!$B$1:$F$100,4+($B$11)*17+3+L$28*2,$AF30)),(1-$B$14)*INDEX(H_Parametri!$A$14:$A$16,$B$11)/1000*IF($AB30=0,INDEX(H_Curve!$B$1:$F$100,4+($B$11-1)*17+3+L$28*2,$Z30),(1-$AB30)*INDEX(H_Curve!$B$1:$F$100,4+($B$11-1)*17+3+L$28*2,$Z30)+$AB30*INDEX(H_Curve!$B$1:$F$100,4+($B$11-1)*17+3+L$28*2,$AA30))+$B$14*INDEX(H_Parametri!$A$14:$A$16,$B$11+1)/1000*IF($AG30=0,INDEX(H_Curve!$B$1:$F$100,4+($B$11)*17+3+L$28*2,$AE30),(1-$AG30)*INDEX(H_Curve!$B$1:$F$100,4+($B$11)*17+3+L$28*2,$AE30)+$AG30*INDEX(H_Curve!$B$1:$F$100,4+($B$11)*17+3+L$28*2,$AF30)))))/($B$4/1000)),"")) -> 0.12190814 | M30: =IF(B30="","",IFERROR(MAX(0.0001,$A30*(IF($B$14=0,INDEX(H_Parametri!$A$14:$A$16,$B$11)/1000*IF($AB30=0,INDEX(H_Curve!$B$1:$F$100,4+($B$11-1)*17+3+M$28*2,$Z30),(1-$AB30)*INDEX(H_Curve!$B$1:$F$100,4+($B$11-1)*17+3+M$28*2,$Z30)+$AB30*INDEX(H_Curve!$B$1:$F$100,4+($B$11-1)*17+3+M$28*2,$AA30)),IF($B$14=1,INDEX(H_Parametri!$A$14:$A$16,$B$11+1)/1000*IF($AG30=0,INDEX(H_Curve!$B$1:$F$100,4+($B$11)*17+3+M$28*2,$AE30),(1-$AG30)*INDEX(H_Curve!$B$1:$F$100,4+($B$11)*17+3+M$28*2,$AE30)+$AG30*INDEX(H_Curve!$B$1:$F$100,4+($B$11)*17+3+M$28*2,$AF30)),(1-$B$14)*INDEX(H_Parametri!$A$14:$A$16,$B$11)/1000*IF($AB30=0,INDEX(H_Curve!$B$1:$F$100,4+($B$11-1)*17+3+M$28*2,$Z30),(1-$AB30)*INDEX(H_Curve!$B$1:$F$100,4+($B$11-1)*17+3+M$28*2,$Z30)+$AB30*INDEX(H_Curve!$B$1:$F$100,4+($B$11-1)*17+3+M$28*2,$AA30))+$B$14*INDEX(H_Parametri!$A$14:$A$16,$B$11+1)/1000*IF($AG30=0,INDEX(H_Curve!$B$1:$F$100,4+($B$11)*17+3+M$28*2,$AE30),(1-$AG30)*INDEX(H_Curve!$B$1:$F$100,4+($B$11)*17+3+M$28*2,$AE30)+$AG30*INDEX(H_Curve!$B$1:$F$100,4+($B$11)*17+3+M$28*2,$AF30)))))/($B$4/1000)),"")) -> 0.10912913 | N30: =IF(B30="","",IFERROR(MAX(0.0001,$A30*(IF($B$14=0,INDEX(H_Parametri!$A$14:$A$16,$B$11)/1000*IF($AB30=0,INDEX(H_Curve!$B$1:$F$100,4+($B$11-1)*17+3+N$28*2,$Z30),(1-$AB30)*INDEX(H_Curve!$B$1:$F$100,4+($B$11-1)*17+3+N$28*2,$Z30)+$AB30*INDEX(H_Curve!$B$1:$F$100,4+($B$11-1)*17+3+N$28*2,$AA30)),IF($B$14=1,INDEX(H_Parametri!$A$14:$A$16,$B$11+1)/1000*IF($AG30=0,INDEX(H_Curve!$B$1:$F$100,4+($B$11)*17+3+N$28*2,$AE30),(1-$AG30)*INDEX(H_Curve!$B$1:$F$100,4+($B$11)*17+3+N$28*2,$AE30)+$AG30*INDEX(H_Curve!$B$1:$F$100,4+($B$11)*17+3+N$28*2,$AF30)),(1-$B$14)*INDEX(H_Parametri!$A$14:$A$16,$B$11)/1000*IF($AB30=0,INDEX(H_Curve!$B$1:$F$100,4+($B$11-1)*17+3+N$28*2,$Z30),(1-$AB30)*INDEX(H_Curve!$B$1:$F$100,4+($B$11-1)*17+3+N$28*2,$Z30)+$AB30*INDEX(H_Curve!$B$1:$F$100,4+($B$11-1)*17+3+N$28*2,$AA30))+$B$14*INDEX(H_Parametri!$A$14:$A$16,$B$11+1)/1000*IF($AG30=0,INDEX(H_Curve!$B$1:$F$100,4+($B$11)*17+3+N$28*2,$AE30),(1-$AG30)*INDEX(H_Curve!$B$1:$F$100,4+($B$11)*17+3+N$28*2,$AE30)+$AG30*INDEX(H_Curve!$B$1:$F$100,4+($B$11)*17+3+N$28*2,$AF30)))))/($B$4/1000)),"")) -> 0.097023921 | O30: =IF(B30="","",IFERROR(MAX(0.0001,$A30*(IF($B$14=0,INDEX(H_Parametri!$A$14:$A$16,$B$11)/1000*IF($AB30=0,INDEX(H_Curve!$B$1:$F$100,4+($B$11-1)*17+3+O$28*2,$Z30),(1-$AB30)*INDEX(H_Curve!$B$1:$F$100,4+($B$11-1)*17+3+O$28*2,$Z30)+$AB30*INDEX(H_Curve!$B$1:$F$100,4+($B$11-1)*17+3+O$28*2,$AA30)),IF($B$14=1,INDEX(H_Parametri!$A$14:$A$16,$B$11+1)/1000*IF($AG30=0,INDEX(H_Curve!$B$1:$F$100,4+($B$11)*17+3+O$28*2,$AE30),(1-$AG30)*INDEX(H_Curve!$B$1:$F$100,4+($B$11)*17+3+O$28*2,$AE30)+$AG30*INDEX(H_Curve!$B$1:$F$100,4+($B$11)*17+3+O$28*2,$AF30)),(1-$B$14)*INDEX(H_Parametri!$A$14:$A$16,$B$11)/1000*IF($AB30=0,INDEX(H_Curve!$B$1:$F$100,4+($B$11-1)*17+3+O$28*2,$Z30),(1-$AB30)*INDEX(H_Curve!$B$1:$F$100,4+($B$11-1)*17+3+O$28*2,$Z30)+$AB30*INDEX(H_Curve!$B$1:$F$100,4+($B$11-1)*17+3+O$28*2,$AA30))+$B$14*INDEX(H_Parametri!$A$14:$A$16,$B$11+1)/1000*IF($AG30=0,INDEX(H_Curve!$B$1:$F$100,4+($B$11)*17+3+O$28*2,$AE30),(1-$AG30)*INDEX(H_Curve!$B$1:$F$100,4+($B$11)*17+3+O$28*2,$AE30)+$AG30*INDEX(H_Curve!$B$1:$F$100,4+($B$11)*17+3+O$28*2,$AF30)))))/($B$4/1000)),"")) -> 0.078436218 | P30: =IF(B30="","",IFERROR(MAX(0.0001,$A30*(IF($B$14=0,INDEX(H_Parametri!$A$14:$A$16,$B$11)/1000*IF($AB30=0,INDEX(H_Curve!$B$1:$F$100,4+($B$11-1)*17+3+P$28*2,$Z30),(1-$AB30)*INDEX(H_Curve!$B$1:$F$100,4+($B$11-1)*17+3+P$28*2,$Z30)+$AB30*INDEX(H_Curve!$B$1:$F$100,4+($B$11-1)*17+3+P$28*2,$AA30)),IF($B$14=1,INDEX(H_Parametri!$A$14:$A$16,$B$11+1)/1000*IF($AG30=0,INDEX(H_Curve!$B$1:$F$100,4+($B$11)*17+3+P$28*2,$AE30),(1-$AG30)*INDEX(H_Curve!$B$1:$F$100,4+($B$11)*17+3+P$28*2,$AE30)+$AG30*INDEX(H_Curve!$B$1:$F$100,4+($B$11)*17+3+P$28*2,$AF30)),(1-$B$14)*INDEX(H_Parametri!$A$14:$A$16,$B$11)/1000*IF($AB30=0,INDEX(H_Curve!$B$1:$F$100,4+($B$11-1)*17+3+P$28*2,$Z30),(1-$AB30)*INDEX(H_Curve!$B$1:$F$100,4+($B$11-1)*17+3+P$28*2,$Z30)+$AB30*INDEX(H_Curve!$B$1:$F$100,4+($B$11-1)*17+3+P$28*2,$AA30))+$B$14*INDEX(H_Parametri!$A$14:$A$16,$B$11+1)/1000*IF($AG30=0,INDEX(H_Curve!$B$1:$F$100,4+($B$11)*17+3+P$28*2,$AE30),(1-$AG30)*INDEX(H_Curve!$B$1:$F$100,4+($B$11)*17+3+P$28*2,$AE30)+$AG30*INDEX(H_Curve!$B$1:$F$100,4+($B$11)*17+3+P$28*2,$AF30)))))/($B$4/1000)),"")) -> 0.059819178 | Q30: =IF(B30="","",IFERROR(MAX(0.0001,$A30*(IF($B$14=0,INDEX(H_Parametri!$A$14:$A$16,$B$11)/1000*IF($AB30=0,INDEX(H_Curve!$B$1:$F$100,4+($B$11-1)*17+3+Q$28*2,$Z30),(1-$AB30)*INDEX(H_Curve!$B$1:$F$100,4+($B$11-1)*17+3+Q$28*2,$Z30)+$AB30*INDEX(H_Curve!$B$1:$F$100,4+($B$11-1)*17+3+Q$28*2,$AA30)),IF($B$14=1,INDEX(H_Parametri!$A$14:$A$16,$B$11+1)/1000*IF($AG30=0,INDEX(H_Curve!$B$1:$F$100,4+($B$11)*17+3+Q$28*2,$AE30),(1-$AG30)*INDEX(H_Curve!$B$1:$F$100,4+($B$11)*17+3+Q$28*2,$AE30)+$AG30*INDEX(H_Curve!$B$1:$F$100,4+($B$11)*17+3+Q$28*2,$AF30)),(1-$B$14)*INDEX(H_Parametri!$A$14:$A$16,$B$11)/1000*IF($AB30=0,INDEX(H_Curve!$B$1:$F$100,4+($B$11-1)*17+3+Q$28*2,$Z30),(1-$AB30)*INDEX(H_Curve!$B$1:$F$100,4+($B$11-1)*17+3+Q$28*2,$Z30)+$AB30*INDEX(H_Curve!$B$1:$F$100,4+($B$11-1)*17+3+Q$28*2,$AA30))+$B$14*INDEX(H_Parametri!$A$14:$A$16,$B$11+1)/1000*IF($AG30=0,INDEX(H_Curve!$B$1:$F$100,4+($B$11)*17+3+Q$28*2,$AE30),(1-$AG30)*INDEX(H_Curve!$B$1:$F$100,4+($B$11)*17+3+Q$28*2,$AE30)+$AG30*INDEX(H_Curve!$B$1:$F$100,4+($B$11)*17+3+Q$28*2,$AF30)))))/($B$4/1000)),"")) -> 0.042457266 | R30: {=IF(B30="","",SUMPRODUCT(MAX(ISNUMBER(G30:P30)*ISNUMBER(H30:Q30)*(G30:P30>=$B$6)*(H30:Q30<$B$6)*(COLUMN(G30:P30)-COLUMN(G30)+1))))} -> 0 | S30: =IF(OR(R30="",R30=0),"",INDEX(G$28:Q$28,R30)) | T30: =IF(S30="","",INDEX(G$28:Q$28,R30+1)) | U30: =IF(S30="","",INDEX(G30:Q30,R30)) | V30: =IF(S30="","",INDEX(G30:Q30,R30+1)) | W30: =IF(B30="","",IFERROR(MATCH($B$7,$G$28:$Q$28,1),"")) -> 10 | X30: =IFERROR(LARGE(INDEX(H_Curve!$B$1:$F$100,4+($B$11-1)*17+1,1):INDEX(H_Curve!$B$1:$F$100,4+($B$11-1)*17+1,5),COUNTIF(INDEX(H_Curve!$B$1:$F$100,4+($B$11-1)*17+1,1):INDEX(H_Curve!$B$1:$F$100,4+($B$11-1)*17+1,5),">"&$A30)+1),0) -> 0 | Y30: =IFERROR(SMALL(INDEX(H_Curve!$B$1:$F$100,4+($B$11-1)*17+1,1):INDEX(H_Curve!$B$1:$F$100,4+($B$11-1)*17+1,5),COUNTIF(INDEX(H_Curve!$B$1:$F$100,4+($B$11-1)*17+1,1):INDEX(H_Curve!$B$1:$F$100,4+($B$11-1)*17+1,5),"<"&$A30)+1),1000000000) -> 80 | Z30: =IFERROR(IF(X30=0,MATCH(Y30,INDEX(H_Curve!$B$1:$F$100,4+($B$11-1)*17+1,1):INDEX(H_Curve!$B$1:$F$100,4+($B$11-1)*17+1,5),0),MATCH(X30,INDEX(H_Curve!$B$1:$F$100,4+($B$11-1)*17+1,1):INDEX(H_Curve!$B$1:$F$100,4+($B$11-1)*17+1,5),0)),"") -> 1 | AA30: =IFERROR(IF(Y30>=1000000000,MATCH(X30,INDEX(H_Curve!$B$1:$F$100,4+($B$11-1)*17+1,1):INDEX(H_Curve!$B$1:$F$100,4+($B$11-1)*17+1,5),0),MATCH(Y30,INDEX(H_Curve!$B$1:$F$100,4+($B$11-1)*17+1,1):INDEX(H_Curve!$B$1:$F$100,4+($B$11-1)*17+1,5),0)),"") -> 1 | AB30: =IF(OR(X30=0,Y30>=1000000000),0,IF(Y30>X30,($A30-X30)/(Y30-X30),0)) -> 0 | AC30: =IFERROR(LARGE(INDEX(H_Curve!$B$1:$F$100,4+($B$11)*17+1,1):INDEX(H_Curve!$B$1:$F$100,4+($B$11)*17+1,5),COUNTIF(INDEX(H_Curve!$B$1:$F$100,4+($B$11)*17+1,1):INDEX(H_Curve!$B$1:$F$100,4+($B$11)*17+1,5),">"&$A30)+1),0) -> 0 | AD30: =IFERROR(SMALL(INDEX(H_Curve!$B$1:$F$100,4+($B$11)*17+1,1):INDEX(H_Curve!$B$1:$F$100,4+($B$11)*17+1,5),COUNTIF(INDEX(H_Curve!$B$1:$F$100,4+($B$11)*17+1,1):INDEX(H_Curve!$B$1:$F$100,4+($B$11)*17+1,5),"<"&$A30)+1),1000000000) -> 80 | AE30: =IFERROR(IF(AC30=0,MATCH(AD30,INDEX(H_Curve!$B$1:$F$100,4+($B$11)*17+1,1):INDEX(H_Curve!$B$1:$F$100,4+($B$11)*17+1,5),0),MATCH(AC30,INDEX(H_Curve!$B$1:$F$100,4+($B$11)*17+1,1):INDEX(H_Curve!$B$1:$F$100,4+($B$11)*17+1,5),0)),"") -> 1 | AF30: =IFERROR(IF(AD30>=1000000000,MATCH(AC30,INDEX(H_Curve!$B$1:$F$100,4+($B$11)*17+1,1):INDEX(H_Curve!$B$1:$F$100,4+($B$11)*17+1,5),0),MATCH(AD30,INDEX(H_Curve!$B$1:$F$100,4+($B$11)*17+1,1):INDEX(H_Curve!$B$1:$F$100,4+($B$11)*17+1,5),0)),"") -> 1 | AG30: =IF(OR(AC30=0,AD30>=1000000000),0,IF(AD30>AC30,($A30-AC30)/(AD30-AC30),0)) -> 0 | AH30: =IFERROR(MAX(0.000001,(IF($B$14=0,INDEX(H_Parametri!$A$14:$A$16,$B$11)/1000*IF($AB30=0,INDEX(H_Curve!$B$1:$F$100,4+($B$11-1)*17+2,$Z30),(1-$AB30)*INDEX(H_Curve!$B$1:$F$100,4+($B$11-1)*17+2,$Z30)+$AB30*INDEX(H_Curve!$B$1:$F$100,4+($B$11-1)*17+2,$AA30)),IF($B$14=1,INDEX(H_Parametri!$A$14:$A$16,$B$11+1)/1000*IF($AG30=0,INDEX(H_Curve!$B$1:$F$100,4+($B$11)*17+2,$AE30),(1-$AG30)*INDEX(H_Curve!$B$1:$F$100,4+($B$11)*17+2,$AE30)+$AG30*INDEX(H_Curve!$B$1:$F$100,4+($B$11)*17+2,$AF30)),(1-$B$14)*INDEX(H_Parametri!$A$14:$A$16,$B$11)/1000*IF($AB30=0,INDEX(H_Curve!$B$1:$F$100,4+($B$11-1)*17+2,$Z30),(1-$AB30)*INDEX(H_Curve!$B$1:$F$100,4+($B$11-1)*17+2,$Z30)+$AB30*INDEX(H_Curve!$B$1:$F$100,4+($B$11-1)*17+2,$AA30))+$B$14*INDEX(H_Parametri!$A$14:$A$16,$B$11+1)/1000*IF($AG30=0,INDEX(H_Curve!$B$1:$F$100,4+($B$11)*17+2,$AE30),(1-$AG30)*INDEX(H_Curve!$B$1:$F$100,4+($B$11)*17+2,$AE30)+$AG30*INDEX(H_Curve!$B$1:$F$100,4+($B$11)*17+2,$AF30)))))/($B$4/1000)),"") -> 0.012661602 | AJ30: =IF(AND(ISNUMBER(E30),N(E30)>=$B$6),1,0) -> 0
